Ros Timestamp,latitude,longitude,seaHeight,geoidHeight,positionDilutionOfPrecision,horizontalDilutionOfPrecision,verticalDilutionOfPrecision,magneticVariation,trueCourseOverGround,magneticCourseOverGround,speedOverGround,estimatedHorizontalPosError,estimatedVerticalPosError,estimatedPosError,trueEstVelocity,trueNorthVelocity,upVelocity,gpsQuality,nbSat,gsaModeAuto,fixType,utcHour,utcMin,utcSec,validPosition,utcDay,utcMounth,utcYear,mode,prn0,prn1,prn2,prn3,prn4,prn5,prn6,prn7,prn8,prn9,prn10,prn11
1438174356229881504,48.669037,6.154897,255.100006,46.599998,2.500000,2.300000,1.000000,-1.100000,0.000000,358.899994,0.000000,5.700000,27.500000,28.100000,0.000000,0.000000,0.000000,1,4,1,3,12,52,35,1,29,7,15,65,0,16,21,26,31,0,0,0,0,0,0,0
1438174357225506226,48.669037,6.154900,254.600006,46.599998,2.500000,2.300000,1.000000,-1.100000,0.000000,358.899994,0.000000,5.700000,27.000000,27.600000,0.000000,0.000000,0.000000,1,4,1,3,12,52,36,1,29,7,15,65,0,16,21,26,31,0,0,0,0,0,0,0
1438174358232325690,48.669038,6.154907,253.800003,46.599998,2.500000,2.300000,1.000000,-1.100000,0.000000,358.899994,0.000000,5.700000,26.600000,27.200001,0.000000,0.000000,0.000000,1,4,1,3,12,52,37,1,29,7,15,65,0,16,21,26,31,0,0,0,0,0,0,0
1438174359226175051,48.669038,6.154907,253.300003,46.599998,2.500000,2.300000,1.000000,-1.100000,0.000000,358.899994,0.000000,5.600000,26.200001,26.799999,0.000000,0.000000,0.000000,1,4,1,3,12,52,38,1,29,7,15,65,0,16,21,26,31,0,0,0,0,0,0,0
1438174360220820586,48.669038,6.154910,252.800003,46.599998,2.500000,2.300000,1.000000,-1.100000,0.000000,358.899994,0.000000,5.600000,25.799999,26.400000,0.000000,0.000000,0.000000,1,4,1,3,12,52,39,1,29,7,15,65,0,16,21,26,31,0,0,0,0,0,0,0
1438174361226658059,48.669038,6.154910,252.699997,46.599998,2.500000,2.300000,1.000000,-1.100000,0.000000,358.899994,0.000000,5.600000,25.500000,26.100000,0.000000,0.000000,0.000000,1,4,1,3,12,52,40,1,29,7,15,65,0,16,21,26,31,0,0,0,0,0,0,0
1438174362225418844,48.669038,6.154912,252.300003,46.599998,2.500000,2.300000,1.000000,-1.100000,0.000000,358.899994,0.000000,5.600000,25.200001,25.799999,0.000000,0.000000,0.000000,1,4,1,3,12,52,41,1,29,7,15,65,0,16,21,26,31,0,0,0,0,0,0,0
1438174363232206625,48.669037,6.154915,251.600006,46.599998,2.500000,2.300000,1.000000,-1.100000,0.000000,358.899994,0.000000,5.600000,24.900000,25.500000,0.000000,0.000000,0.000000,1,4,1,3,12,52,42,1,29,7,15,65,0,16,21,26,31,0,0,0,0,0,0,0
1438174364216102879,48.669037,6.154917,251.399994,46.599998,2.500000,2.300000,1.000000,-1.100000,0.000000,358.899994,0.000000,5.600000,24.600000,25.200001,0.000000,0.000000,0.000000,1,4,1,3,12,52,43,1,29,7,15,65,0,16,21,26,31,0,0,0,0,0,0,0
1438174365239830128,48.669035,6.154918,250.600006,46.599998,2.500000,2.300000,1.000000,-1.100000,0.000000,358.899994,0.000000,5.600000,24.400000,25.000000,0.000000,0.000000,0.000000,1,4,1,3,12,52,44,1,29,7,15,65,0,16,21,26,31,0,0,0,0,0,0,0
1438174366228564762,48.669033,6.154920,250.100006,46.599998,2.500000,2.300000,1.000000,-1.100000,0.000000,358.899994,0.000000,5.600000,24.100000,24.799999,0.000000,0.000000,0.000000,1,4,1,3,12,52,45,1,29,7,15,65,0,16,21,26,31,0,0,0,0,0,0,0
1438174367232313763,48.669035,6.154923,249.800003,46.599998,2.500000,2.300000,1.000000,-1.100000,0.000000,358.899994,0.000000,5.500000,23.900000,24.600000,0.000000,0.000000,0.000000,1,4,1,3,12,52,46,1,29,7,15,65,0,16,21,26,31,0,0,0,0,0,0,0
1438174368236191847,48.669035,6.154927,249.399994,46.599998,2.500000,2.300000,1.000000,-1.100000,0.000000,358.899994,0.000000,5.500000,23.799999,24.400000,0.000000,0.000000,0.000000,2,4,1,3,12,52,47,1,29,7,15,68,0,16,21,26,31,0,0,0,0,0,0,0
1438174369240881102,48.669035,6.154930,249.199997,46.599998,2.500000,2.300000,1.000000,-1.100000,0.000000,358.899994,0.000000,5.500000,23.600000,24.200001,0.000000,0.000000,0.000000,2,4,1,3,12,52,48,1,29,7,15,68,0,16,21,26,31,0,0,0,0,0,0,0
1438174370240666992,48.669033,6.154932,248.800003,46.599998,2.500000,2.300000,1.000000,-1.100000,0.000000,358.899994,0.000000,5.500000,23.400000,24.100000,0.000000,0.000000,0.000000,2,4,1,3,12,52,49,1,29,7,15,68,0,16,21,26,31,0,0,0,0,0,0,0
1438174371249537002,48.669030,6.154930,248.500000,46.599998,2.500000,2.300000,1.000000,-1.100000,0.000000,358.899994,0.000000,5.500000,23.299999,24.000000,0.000000,0.000000,0.000000,2,4,1,3,12,52,50,1,29,7,15,68,0,16,21,26,31,0,0,0,0,0,0,0
1438174372246384035,48.669030,6.154932,248.199997,46.599998,2.500000,2.300000,1.000000,-1.100000,0.000000,358.899994,0.000000,5.500000,23.200001,23.900000,0.000000,0.000000,0.000000,2,4,1,3,12,52,51,1,29,7,15,68,0,16,21,26,31,0,0,0,0,0,0,0
1438174373240211558,48.669028,6.154933,247.800003,46.599998,2.500000,2.300000,1.000000,-1.100000,0.000000,358.899994,0.000000,5.500000,23.100000,23.700001,0.000000,0.000000,0.000000,2,4,1,3,12,52,52,1,29,7,15,68,0,16,21,26,31,0,0,0,0,0,0,0
1438174374259076848,48.669025,6.154930,247.800003,46.599998,2.500000,2.300000,1.000000,-1.100000,0.000000,358.899994,0.000000,5.600000,23.000000,23.600000,0.000000,0.000000,0.000000,2,4,1,3,12,52,53,1,29,7,15,68,0,16,21,26,31,0,0,0,0,0,0,0
1438174375241896319,48.669025,6.154930,247.399994,46.599998,2.500000,2.300000,1.000000,-1.100000,0.000000,358.899994,0.000000,5.600000,22.900000,23.500000,0.000000,0.000000,0.000000,2,4,1,3,12,52,54,1,29,7,15,68,0,16,21,26,31,0,0,0,0,0,0,0
1438174376253749914,48.669025,6.154932,247.399994,46.599998,2.500000,2.300000,1.000000,-1.100000,0.000000,358.899994,0.000000,5.600000,22.799999,23.500000,0.000000,0.000000,0.000000,2,4,1,3,12,52,55,1,29,7,15,68,0,16,21,26,31,0,0,0,0,0,0,0
1438174377254483095,48.669025,6.154935,247.100006,46.599998,2.500000,2.300000,1.000000,-1.100000,0.000000,358.899994,0.000000,5.600000,22.700001,23.400000,0.000000,0.000000,0.000000,2,4,1,3,12,52,56,1,29,7,15,68,0,16,21,26,31,0,0,0,0,0,0,0
1438174378240360322,48.669025,6.154937,246.899994,46.599998,2.500000,2.300000,1.000000,-1.100000,0.000000,358.899994,0.000000,5.600000,22.600000,23.299999,0.000000,0.000000,0.000000,2,4,1,3,12,52,57,1,29,7,15,68,0,16,21,26,31,0,0,0,0,0,0,0
1438174379251237803,48.669023,6.154937,246.500000,46.599998,2.500000,2.300000,1.000000,-1.100000,0.000000,358.899994,0.000000,5.600000,22.600000,23.299999,0.000000,0.000000,0.000000,2,4,1,3,12,52,58,1,29,7,15,68,0,16,21,26,31,0,0,0,0,0,0,0
1438174380239903431,48.669022,6.154937,246.199997,46.599998,2.500000,2.300000,1.000000,-1.100000,0.000000,358.899994,0.000000,5.600000,22.500000,23.200001,0.000000,0.000000,0.000000,2,4,1,3,12,52,59,1,29,7,15,68,0,16,21,26,31,0,0,0,0,0,0,0
1438174381249664658,48.669022,6.154937,246.000000,46.599998,2.500000,2.300000,1.000000,-1.100000,0.000000,358.899994,0.000000,5.600000,22.500000,23.200001,0.000000,0.000000,0.000000,2,4,1,3,12,53,0,1,29,7,15,68,0,16,21,26,31,0,0,0,0,0,0,0
1438174382244577733,48.669020,6.154937,245.899994,46.599998,2.500000,2.300000,1.000000,-1.100000,0.000000,358.899994,0.000000,5.600000,22.500000,23.100000,0.000000,0.000000,0.000000,2,4,1,3,12,53,1,1,29,7,15,68,0,16,21,26,31,0,0,0,0,0,0,0
1438174383256359975,48.669020,6.154937,245.699997,46.599998,2.500000,2.300000,1.000000,-1.100000,0.000000,358.899994,0.000000,5.600000,22.400000,23.100000,0.000000,0.000000,0.000000,2,4,1,3,12,53,2,1,29,7,15,68,0,16,21,26,31,0,0,0,0,0,0,0
1438174384237243991,48.669020,6.154938,245.300003,46.599998,2.500000,2.300000,1.000000,-1.100000,0.000000,358.899994,0.000000,5.600000,22.400000,23.100000,0.000000,0.000000,0.000000,2,4,1,3,12,53,3,1,29,7,15,68,0,16,21,26,31,0,0,0,0,0,0,0
1438174385240055243,48.669022,6.154938,245.300003,46.599998,2.500000,2.300000,1.000000,-1.100000,0.000000,358.899994,0.000000,5.600000,22.299999,23.000000,0.000000,0.000000,0.000000,2,4,1,3,12,53,4,1,29,7,15,68,0,16,21,26,0,31,0,0,0,0,0,0
1438174386252816553,48.669023,6.154937,245.100006,46.599998,2.500000,2.300000,1.000000,-1.100000,0.000000,358.899994,0.000000,5.600000,22.299999,23.000000,0.000000,0.000000,0.000000,2,4,1,3,12,53,5,1,29,7,15,68,0,16,21,26,0,31,0,0,0,0,0,0
1438174387238608490,48.669027,6.154933,244.899994,46.599998,7.500000,4.200000,6.300000,-1.100000,0.000000,358.899994,0.000000,5.600000,22.400000,23.100000,0.000000,0.000000,0.000000,2,4,1,3,12,53,6,1,29,7,15,68,0,16,21,26,0,31,0,0,0,0,0,0
1438174388256385461,48.669028,6.154932,244.800003,46.599998,7.500000,4.200000,6.300000,-1.100000,338.399994,337.299988,1.800000,5.600000,22.500000,23.200001,-0.200000,0.500000,-0.100000,2,4,1,3,12,53,7,1,29,7,15,68,0,16,21,26,0,31,0,0,0,0,0,0
1438174389255151703,48.669035,6.154925,244.699997,46.599998,2.500000,2.300000,1.000000,-1.100000,346.100006,345.000000,2.700000,5.600000,22.500000,23.200001,-0.200000,0.700000,-0.100000,2,4,1,3,12,53,8,1,29,7,15,68,0,16,21,26,0,31,0,0,0,0,0,0
1438174390248892092,48.669045,6.154918,244.500000,46.599998,7.500000,4.200000,6.300000,-1.100000,331.899994,330.799988,4.100000,5.600000,22.600000,23.299999,-0.500000,1.000000,-0.100000,2,4,1,3,12,53,9,1,29,7,15,68,0,16,21,26,0,31,0,0,0,0,0,0
1438174391270651028,48.669055,6.154912,244.199997,46.599998,2.500000,2.300000,1.000000,-1.100000,326.000000,324.899994,5.000000,5.600000,22.799999,23.500000,-0.800000,1.200000,-0.100000,2,4,1,3,12,53,10,1,29,7,15,68,0,16,21,26,0,31,0,0,0,0,0,0
1438174392251531853,48.669067,6.154898,243.899994,46.599998,2.500000,2.300000,1.000000,-1.100000,313.500000,312.399994,5.600000,5.600000,23.000000,23.700001,-1.100000,1.100000,-0.100000,2,4,1,3,12,53,11,1,29,7,15,68,0,16,21,26,0,31,0,0,0,0,0,0
1438174393253423946,48.669075,6.154882,243.399994,46.599998,2.500000,2.300000,1.000000,-1.100000,299.200012,298.100006,6.500000,5.600000,23.400000,24.000000,-1.600000,0.900000,-0.100000,2,4,1,3,12,53,12,1,29,7,15,68,0,16,21,26,0,31,0,0,0,0,0,0
1438174394252216713,48.669082,6.154860,243.199997,46.599998,2.500000,2.300000,1.000000,-1.100000,285.000000,283.799988,6.600000,5.600000,23.700001,24.400000,-1.800000,0.500000,-0.100000,2,4,1,3,12,53,13,1,29,7,15,68,0,16,21,26,0,31,0,0,0,0,0,0
1438174395267905685,48.669087,6.154835,243.000000,46.599998,2.500000,2.300000,1.000000,-1.100000,273.100006,272.000000,7.700000,5.700000,24.200001,24.799999,-2.100000,0.100000,-0.100000,2,4,1,3,12,53,14,1,29,7,15,68,0,16,21,26,0,31,0,0,0,0,0,0
1438174396268685440,48.669087,6.154798,242.800003,46.599998,2.500000,2.300000,1.000000,-1.100000,266.799988,265.700012,10.400000,5.700000,24.600000,25.299999,-2.900000,-0.200000,-0.100000,2,4,1,3,12,53,15,1,29,7,15,68,0,16,21,26,0,31,0,0,0,0,0,0
1438174397280476424,48.669087,6.154755,242.600006,46.599998,1.700000,1.400000,0.900000,-1.100000,264.500000,263.399994,11.900000,5.700000,25.100000,25.700001,-3.300000,-0.300000,-0.100000,2,5,1,3,12,53,16,1,29,7,15,68,16,21,26,0,29,31,0,0,0,0,0,0
1438174398277325902,48.669083,6.154708,242.399994,46.599998,1.700000,1.400000,0.900000,-1.100000,264.299988,263.200012,12.800000,5.700000,25.400000,26.000000,-3.500000,-0.400000,-0.100000,2,5,1,3,12,53,17,1,29,7,15,68,16,21,26,0,29,31,0,0,0,0,0,0
1438174399284029500,48.669082,6.154658,242.100006,46.599998,1.700000,1.400000,0.900000,-1.100000,262.000000,260.899994,13.600000,5.700000,25.600000,26.299999,-3.700000,-0.500000,-0.100000,2,5,1,3,12,53,18,1,29,7,15,68,16,21,26,0,29,31,0,0,0,0,0,0
1438174400277825102,48.669077,6.154605,241.800003,46.599998,1.700000,1.400000,0.900000,-1.100000,260.500000,259.399994,14.300000,5.700000,26.000000,26.700001,-3.900000,-0.700000,-0.100000,2,5,1,3,12,53,19,1,29,7,15,68,16,21,26,0,29,31,0,0,0,0,0,0
1438174401279463401,48.669072,6.154548,241.800003,46.599998,1.700000,1.400000,0.900000,-1.100000,258.700012,257.600006,14.600000,5.700000,26.500000,27.100000,-4.000000,-0.800000,-0.100000,2,5,1,3,12,53,20,1,29,7,15,68,16,21,26,0,29,31,0,0,0,0,0,0
1438174402265312431,48.669065,6.154500,241.399994,46.599998,1.700000,1.400000,0.900000,-1.100000,259.299988,258.200012,14.200000,5.800000,27.000000,27.600000,-3.900000,-0.700000,-0.200000,2,5,1,3,12,53,21,1,29,7,15,68,16,21,26,0,29,31,0,0,0,0,0,0
1438174403266099930,48.669060,6.154450,241.300003,46.599998,1.700000,1.400000,0.900000,-1.100000,260.100006,259.000000,13.800000,5.800000,27.500000,28.100000,-3.800000,-0.700000,-0.200000,2,5,1,3,12,53,22,1,29,7,15,68,16,0,21,26,0,29,31,0,0,0,0,0
1438174404274835829,48.669055,6.154397,241.100006,46.599998,1.700000,1.400000,0.900000,-1.100000,259.399994,258.299988,13.800000,5.800000,28.000000,28.600000,-3.800000,-0.700000,-0.200000,2,5,1,3,12,53,23,1,29,7,15,68,16,0,21,26,0,29,31,0,0,0,0,0
1438174405265540276,48.669050,6.154343,240.899994,46.599998,1.700000,1.400000,0.900000,-1.100000,260.299988,259.200012,13.200000,5.800000,28.500000,29.100000,-3.600000,-0.600000,-0.100000,2,5,1,3,12,53,24,1,29,7,15,68,16,0,21,26,0,29,31,0,0,0,0,0
1438174406276222125,48.669045,6.154298,240.500000,46.599998,1.700000,1.400000,0.900000,-1.100000,263.500000,262.399994,12.500000,5.800000,29.100000,29.600000,-3.500000,-0.400000,-0.100000,2,5,1,3,12,53,25,1,29,7,15,68,16,0,21,26,0,29,31,0,0,0,0,0
1438174407274980089,48.669042,6.154252,240.199997,46.599998,1.700000,1.400000,0.900000,-1.100000,267.799988,266.700012,11.800000,5.800000,29.600000,30.200001,-3.300000,-0.100000,-0.100000,2,5,1,3,12,53,26,1,29,7,15,68,16,0,21,26,0,29,31,0,0,0,0,0
1438174408265837263,48.669043,6.154207,240.100006,46.599998,1.700000,1.400000,0.900000,-1.100000,276.799988,275.700012,11.700000,5.800000,30.100000,30.700001,-3.200000,0.400000,-0.100000,2,5,1,3,12,53,27,1,29,7,15,68,16,0,21,26,0,29,31,0,0,0,0,0
1438174409274717503,48.669052,6.154167,240.100006,46.599998,1.700000,1.400000,0.900000,-1.100000,295.399994,294.299988,11.300000,5.900000,30.700001,31.200001,-2.800000,1.400000,-0.100000,2,5,1,3,12,53,28,1,29,7,15,68,16,0,21,26,0,29,31,0,0,0,0,0
1438174410269545455,48.669068,6.154135,240.399994,46.599998,1.700000,1.400000,0.900000,-1.100000,323.200012,322.100006,10.400000,5.900000,31.100000,31.700001,-1.700000,2.300000,0.000000,2,5,1,3,12,53,29,1,29,7,15,68,16,0,21,0,26,0,29,31,0,0,0,0
1438174411271507598,48.669093,6.154120,240.399994,46.599998,1.700000,1.400000,0.900000,-1.100000,349.100006,348.000000,10.800000,5.900000,31.600000,32.099998,-0.600000,2.900000,0.000000,2,5,1,3,12,53,30,1,29,7,15,68,0,16,0,21,0,26,0,29,31,0,0,0
1438174412256288424,48.669122,6.154125,240.399994,46.599998,3.300000,1.400000,3.000000,-1.100000,21.299999,20.200001,10.800000,5.900000,32.000000,32.599998,1.100000,2.800000,-0.000000,2,5,1,3,12,53,31,1,29,7,15,68,0,16,0,21,0,26,0,29,31,0,0,0
1438174413273030942,48.669143,6.154150,240.300003,46.599998,1.700000,1.400000,0.900000,-1.100000,50.000000,48.900002,11.200000,5.900000,32.599998,33.200001,2.400000,2.000000,-0.000000,2,5,1,3,12,53,32,1,29,7,15,68,0,16,0,21,0,26,0,29,31,0,0,0
1438174414269795574,48.669158,6.154188,240.199997,46.599998,1.700000,1.400000,0.900000,-1.100000,67.900002,66.800003,12.100000,6.000000,33.299999,33.799999,3.100000,1.300000,-0.100000,2,5,1,3,12,53,33,1,29,7,15,68,0,16,0,21,0,26,0,29,31,0,0,0
1438174415263555371,48.669167,6.154238,240.100006,46.599998,1.700000,1.400000,0.900000,-1.100000,83.000000,81.900002,14.300000,6.000000,33.900002,34.400002,3.900000,0.500000,-0.100000,2,5,1,3,12,53,34,1,29,7,15,68,0,16,0,21,0,26,0,29,31,0,0,0
1438174416269354210,48.669163,6.154298,239.800003,46.599998,1.700000,1.400000,0.900000,-1.100000,92.800003,91.699997,16.799999,6.000000,34.400002,35.000000,4.700000,-0.200000,-0.100000,2,5,1,3,12,53,35,1,29,7,15,68,0,16,0,21,0,26,0,29,31,0,0,0
1438174417268233281,48.669163,6.154370,239.699997,46.599998,1.700000,1.400000,0.900000,-1.100000,88.800003,87.699997,18.200001,6.000000,35.000000,35.500000,5.100000,0.100000,-0.100000,2,5,1,3,12,53,36,1,29,7,15,68,0,16,0,21,0,26,0,29,31,0,0,0
1438174418279000269,48.669170,6.154442,239.399994,46.599998,1.700000,1.400000,0.900000,-1.100000,87.800003,86.699997,19.100000,6.100000,35.400002,35.900002,5.300000,0.200000,-0.100000,2,5,1,3,12,53,37,1,29,7,15,68,0,16,0,21,0,26,0,29,31,0,0,0
1438174419286834587,48.669175,6.154513,238.899994,46.599998,1.700000,1.400000,0.900000,-1.100000,86.400002,85.300003,20.000000,6.100000,35.700001,36.299999,5.500000,0.300000,-0.100000,2,5,1,3,12,53,38,1,29,7,15,68,0,16,0,21,0,26,29,31,0,0,0,0
1438174420305562453,48.669180,6.154597,238.600006,46.599998,1.700000,1.400000,0.900000,-1.100000,85.900002,84.800003,20.799999,6.100000,36.000000,36.599998,5.800000,0.400000,-0.200000,2,5,1,3,12,53,39,1,29,7,15,68,0,16,0,21,0,26,29,31,0,0,0,0
1438174421281529087,48.669185,6.154680,238.500000,46.599998,1.700000,1.400000,0.900000,-1.100000,86.000000,84.900002,21.500000,6.100000,36.299999,36.799999,6.000000,0.400000,-0.200000,2,5,1,3,12,53,40,1,29,7,15,68,0,16,0,21,0,26,29,31,0,0,0,0
1438174422280375101,48.669188,6.154760,238.199997,46.599998,1.700000,1.400000,0.900000,-1.100000,86.300003,85.199997,20.799999,6.100000,36.799999,37.299999,5.800000,0.400000,-0.200000,2,5,1,3,12,53,41,1,29,7,15,68,0,16,0,21,0,26,29,31,0,0,0,0
1438174423272238309,48.669193,6.154837,238.100006,46.599998,1.700000,1.400000,0.900000,-1.100000,84.300003,83.199997,18.700001,6.200000,37.400002,37.900002,5.200000,0.500000,-0.100000,2,5,1,3,12,53,42,1,29,7,15,68,0,16,0,21,0,26,29,31,0,0,0,0
1438174424265104352,48.669200,6.154908,238.000000,46.599998,1.700000,1.400000,0.900000,-1.100000,79.599998,78.500000,17.700001,6.200000,38.000000,38.500000,4.800000,0.900000,-0.100000,2,5,1,3,12,53,43,1,29,7,15,68,0,16,0,21,0,26,29,31,0,0,0,0
1438174425274896936,48.669203,6.154972,238.100006,46.599998,1.700000,1.400000,0.900000,-1.100000,87.699997,86.599998,16.100000,6.200000,38.500000,39.000000,4.500000,0.200000,-0.100000,2,5,1,3,12,53,44,1,29,7,15,68,16,21,0,26,29,31,0,0,0,0,0,0
1438174426266616858,48.669202,6.155032,237.800003,46.599998,1.700000,1.400000,0.900000,-1.100000,85.599998,84.500000,14.100000,6.200000,38.799999,39.299999,3.900000,0.300000,-0.200000,2,5,1,3,12,53,45,1,29,7,15,68,16,0,21,0,26,29,31,0,0,0,0,0
1438174427255444889,48.669203,6.155087,237.600006,46.599998,1.700000,1.400000,0.900000,-1.100000,87.900002,86.800003,14.100000,6.300000,39.500000,40.000000,3.900000,0.100000,-0.200000,2,5,1,3,12,53,46,1,29,7,15,68,16,0,21,0,26,29,31,0,0,0,0,0
1438174428255260039,48.669207,6.155138,237.399994,46.599998,1.700000,1.400000,0.900000,-1.100000,85.199997,84.099998,14.100000,6.300000,40.299999,40.799999,3.900000,0.300000,-0.200000,2,5,1,3,12,53,47,1,29,7,15,68,16,0,21,0,26,29,31,0,0,0,0,0
1438174429232131410,48.669218,6.155182,nan,46.599998,1.800000,1.500000,nan,-1.100000,72.099998,71.000000,13.000000,6.400000,nan,41.500000,3.400000,1.100000,nan,2,4,1,2,12,53,48,1,29,7,15,68,16,0,21,29,31,0,0,0,0,0,0,0
1438174430268856042,48.669247,6.155237,237.000000,46.599998,1.700000,1.400000,0.900000,-1.100000,58.599998,57.500000,15.800000,6.500000,41.799999,42.299999,3.800000,2.300000,-0.200000,2,5,1,3,12,53,49,1,29,7,15,68,16,0,21,26,29,31,0,0,0,0,0,0
1438174431234611076,48.669268,6.155293,nan,46.599998,2.400000,2.200000,nan,-1.100000,58.400002,57.299999,16.400000,6.600000,nan,43.099998,3.900000,2.400000,nan,2,4,1,2,12,53,50,1,29,7,15,68,16,0,21,26,29,0,0,0,0,0,0,0
1438174432232391025,48.669290,6.155347,nan,46.599998,2.400000,2.200000,nan,-1.100000,34.700001,33.599998,7.900000,6.800000,nan,202.600006,1.200000,1.800000,nan,2,4,1,2,12,53,51,1,29,7,15,68,16,0,21,0,26,29,0,0,0,0,0,0
1438174433205228765,48.669307,6.155363,nan,46.599998,2.400000,2.200000,nan,-1.100000,34.700001,33.599998,7.900000,6.800000,nan,202.600006,1.200000,1.800000,nan,1,3,1,2,12,53,52,1,29,7,15,69,0,16,0,21,0,29,0,0,0,0,0,0
1438174434206033466,48.669322,6.155380,nan,46.599998,2.400000,2.200000,nan,-1.100000,34.700001,33.599998,7.900000,6.800000,nan,202.600006,1.200000,1.800000,nan,1,3,1,2,12,53,53,1,29,7,15,69,0,16,0,21,0,29,0,0,0,0,0,0
1438174435203756538,48.669338,6.155397,nan,46.599998,2.400000,2.200000,nan,-1.100000,34.700001,33.599998,7.900000,6.800000,nan,202.600006,1.200000,1.800000,nan,1,3,1,2,12,53,54,1,29,7,15,69,0,16,0,21,0,29,0,0,0,0,0,0
1438174436237516283,48.669282,6.155557,nan,46.599998,1.800000,1.500000,nan,-1.100000,89.500000,88.400002,15.200000,7.700000,nan,206.199997,4.200000,0.000000,nan,2,4,1,2,12,53,55,1,29,7,15,68,0,16,0,21,0,29,31,0,0,0,0,0
1438174437209380092,48.669282,6.155613,nan,46.599998,1.800000,1.500000,nan,-1.100000,89.500000,88.400002,15.200000,7.700000,nan,206.199997,4.200000,0.000000,nan,1,3,1,2,12,53,56,1,29,7,15,69,0,16,0,21,0,29,0,0,0,0,0,0
1438174438268092618,48.669258,6.155708,237.899994,46.599998,1.700000,1.400000,0.900000,-1.100000,90.000000,88.900002,16.799999,8.000000,202.899994,203.100006,4.700000,0.000000,-0.000000,2,5,1,3,12,53,57,1,29,7,15,68,0,16,0,21,0,26,29,31,0,0,0,0
1438174439273823170,48.669255,6.155777,237.899994,46.599998,1.700000,1.400000,0.900000,-1.100000,91.300003,90.199997,17.600000,8.100000,200.399994,200.600006,4.900000,-0.100000,-0.000000,2,5,1,3,12,53,58,1,29,7,15,68,0,0,16,0,21,0,26,29,31,0,0,0
1438174440276603718,48.669260,6.155847,238.000000,46.599998,1.700000,1.400000,0.900000,-1.100000,89.099998,88.000000,17.299999,8.300000,195.800003,196.000000,4.800000,0.100000,-0.000000,2,5,1,3,12,53,59,1,29,7,15,68,0,0,16,0,21,0,26,29,31,0,0,0
1438174441265521268,48.669245,6.155930,238.100006,46.599998,1.700000,1.400000,0.900000,-1.100000,89.800003,88.699997,18.000000,8.400000,191.699997,191.800003,5.000000,0.000000,-0.100000,2,5,1,3,12,54,0,1,29,7,15,68,0,0,16,0,21,0,26,29,31,0,0,0
1438174442280361274,48.669245,6.155988,237.300003,46.599998,1.700000,1.400000,0.900000,-1.100000,84.300003,83.199997,16.799999,8.500000,184.399994,184.600006,4.600000,0.500000,-0.100000,2,5,1,3,12,54,1,1,29,7,15,68,0,0,16,0,21,0,26,29,31,0,0,0
1438174443277113769,48.669243,6.156043,236.800003,46.599998,1.700000,1.400000,0.900000,-1.100000,83.099998,82.000000,14.800000,8.600000,178.500000,178.699997,4.100000,0.500000,-0.100000,2,5,1,3,12,54,2,1,29,7,15,68,0,16,0,21,0,26,29,31,0,0,0,0
1438174444263981739,48.669237,6.156095,236.000000,46.599998,1.700000,1.400000,0.900000,-1.100000,96.699997,95.599998,14.800000,8.700000,171.699997,171.899994,4.100000,-0.500000,-0.000000,2,5,1,3,12,54,3,1,29,7,15,68,0,16,0,21,0,26,29,31,0,0,0,0
1438174445261772365,48.669215,6.156143,235.699997,46.599998,1.700000,1.400000,0.900000,-1.100000,140.399994,139.300003,14.000000,8.800000,167.399994,167.600006,2.500000,-3.000000,-0.100000,2,5,1,3,12,54,4,1,29,7,15,68,0,16,0,21,0,26,29,31,0,0,0,0
1438174446262468321,48.669187,6.156168,235.899994,46.599998,1.700000,1.400000,0.900000,-1.100000,159.399994,158.300003,10.900000,8.800000,166.399994,166.600006,1.100000,-2.800000,-0.000000,2,5,1,3,12,54,5,1,29,7,15,68,0,16,0,21,0,26,29,31,0,0,0,0
1438174447265310488,48.669157,6.156175,236.300003,46.599998,1.700000,1.400000,0.900000,-1.100000,187.300003,186.199997,11.800000,8.900000,166.100006,166.300003,-0.400000,-3.300000,0.100000,2,5,1,3,12,54,6,1,29,7,15,68,0,16,0,21,0,26,29,31,0,0,0,0
1438174448267090182,48.669127,6.156162,236.399994,46.599998,1.700000,1.400000,0.900000,-1.100000,200.800003,199.699997,12.700000,9.000000,165.600006,165.800003,-1.300000,-3.300000,0.100000,2,5,1,3,12,54,7,1,29,7,15,68,0,16,0,21,0,26,29,31,0,0,0,0
1438174449265932578,48.669095,6.156135,236.399994,46.599998,1.700000,1.400000,0.900000,-1.100000,213.199997,212.100006,14.400000,9.100000,165.699997,165.899994,-2.200000,-3.300000,0.100000,2,5,1,3,12,54,8,1,29,7,15,68,0,16,0,21,0,26,29,31,0,0,0,0
1438174450262730710,48.669063,6.156105,236.500000,46.599998,1.700000,1.400000,0.900000,-1.100000,206.300003,205.199997,15.000000,9.100000,165.899994,166.100006,-1.800000,-3.700000,0.100000,2,5,1,3,12,54,9,1,29,7,15,68,0,16,0,21,0,26,29,31,0,0,0,0
1438174451271536402,48.669028,6.156077,236.399994,46.599998,1.700000,1.400000,0.900000,-1.100000,208.800003,207.699997,14.100000,9.200000,165.399994,165.600006,-1.900000,-3.400000,0.100000,2,5,1,3,12,54,10,1,29,7,15,68,0,16,0,21,0,26,29,31,0,0,0,0
1438174452264327803,48.669007,6.156060,236.500000,46.599998,1.700000,1.400000,0.900000,-1.100000,206.899994,205.800003,11.900000,9.300000,164.699997,165.000000,-1.500000,-2.900000,0.100000,2,5,1,3,12,54,11,1,29,7,15,68,0,16,0,21,0,26,29,31,0,0,0,0
1438174453263143048,48.668985,6.156047,236.600006,46.599998,1.700000,1.400000,0.900000,-1.100000,206.100006,205.000000,9.000000,9.400000,164.800003,165.000000,-1.100000,-2.200000,0.200000,2,5,1,3,12,54,12,1,29,7,15,68,0,16,0,21,0,26,29,31,0,0,0,0
1438174454258916557,48.668965,6.156035,236.300003,46.599998,1.700000,1.400000,0.900000,-1.100000,200.899994,199.800003,8.200000,9.400000,162.600006,162.899994,-0.800000,-2.100000,0.200000,2,5,1,3,12,54,13,1,29,7,15,68,0,16,0,21,0,26,29,31,0,0,0,0
1438174455271726956,48.668948,6.156030,236.000000,46.599998,1.700000,1.400000,0.900000,-1.100000,202.800003,201.699997,5.300000,9.500000,158.100006,158.399994,-0.600000,-1.300000,0.100000,2,5,1,3,12,54,14,1,29,7,15,68,0,16,0,21,0,26,29,31,0,0,0,0
1438174456265545054,48.668930,6.156025,236.199997,46.599998,1.700000,1.400000,0.900000,-1.100000,170.399994,169.300003,8.500000,9.600000,158.500000,158.800003,0.400000,-2.300000,0.100000,2,5,1,3,12,54,15,1,29,7,15,68,0,16,0,21,0,26,29,31,0,0,0,0
1438174457258372030,48.668898,6.156018,236.399994,46.599998,1.700000,1.400000,0.900000,-1.100000,192.800003,191.699997,13.300000,9.600000,156.300003,156.600006,-0.800000,-3.600000,0.100000,2,5,1,3,12,54,16,1,29,7,15,68,0,0,16,0,21,0,26,29,31,0,0,0
1438174458262179747,48.668860,6.156010,236.600006,46.599998,1.700000,1.400000,0.900000,-1.100000,191.399994,190.300003,15.400000,9.700000,156.699997,157.000000,-0.800000,-4.200000,0.100000,2,5,1,3,12,54,17,1,29,7,15,68,0,0,16,0,21,0,26,29,31,0,0,0
1438174459262031358,48.668818,6.155995,236.899994,46.599998,1.700000,1.400000,0.900000,-1.100000,197.500000,196.399994,19.500000,9.800000,157.199997,157.500000,-1.600000,-5.200000,0.100000,2,5,1,3,12,54,18,1,29,7,15,68,0,0,16,0,21,0,26,29,31,0,0,0
1438174460267800716,48.668763,6.155970,234.699997,46.599998,1.700000,1.400000,0.900000,-1.100000,203.399994,202.300003,20.200001,9.800000,151.899994,152.199997,-2.200000,-5.200000,0.100000,2,5,1,3,12,54,19,1,29,7,15,68,0,16,0,21,0,26,29,31,0,0,0,0
1438174461275550023,48.668723,6.155942,235.000000,46.599998,1.700000,1.400000,0.900000,-1.100000,210.100006,209.000000,20.700001,9.900000,152.100006,152.399994,-2.900000,-5.000000,0.100000,2,5,1,3,12,54,20,1,29,7,15,68,0,16,0,21,0,26,29,31,0,0,0,0
1438174462268380133,48.668675,6.155905,235.100006,46.599998,1.700000,1.400000,0.900000,-1.100000,204.000000,202.899994,21.400000,10.000000,152.199997,152.500000,-2.400000,-5.400000,0.100000,2,5,1,3,12,54,21,1,29,7,15,68,0,16,0,21,0,26,29,31,0,0,0,0
1438174463270158086,48.668627,6.155880,235.199997,46.599998,1.700000,1.400000,0.900000,-1.100000,196.600006,195.500000,20.000000,10.000000,152.399994,152.699997,-1.600000,-5.300000,0.100000,2,5,1,3,12,54,22,1,29,7,15,68,0,16,0,21,0,26,29,31,0,0,0,0
1438174464268899141,48.668577,6.155873,235.199997,46.599998,1.700000,1.400000,0.900000,-1.100000,198.300003,197.199997,21.000000,10.100000,152.899994,153.199997,-1.800000,-5.500000,0.100000,2,5,1,3,12,54,23,1,29,7,15,68,0,16,0,21,0,26,29,31,0,0,0,0
1438174465260763206,48.668530,6.155838,235.199997,46.599998,1.700000,1.400000,0.900000,-1.100000,204.300003,203.199997,21.000000,10.100000,150.699997,151.000000,-2.400000,-5.300000,0.100000,2,5,1,3,12,54,24,1,29,7,15,68,0,16,0,21,0,26,29,31,0,0,0,0
1438174466262548374,48.668483,6.155808,234.699997,46.599998,1.700000,1.400000,0.900000,-1.100000,206.100006,205.000000,20.000000,10.200000,148.100006,148.399994,-2.400000,-5.000000,0.100000,2,5,1,3,12,54,25,1,29,7,15,68,0,16,0,21,0,26,29,31,0,0,0,0
1438174467264358786,48.668438,6.155780,234.800003,46.599998,1.700000,1.400000,0.900000,-1.100000,203.000000,201.899994,19.700001,10.300000,145.899994,146.300003,-2.100000,-5.000000,0.100000,2,5,1,3,12,54,26,1,29,7,15,68,0,16,0,21,0,26,29,31,0,0,0,0
1438174468259257549,48.668393,6.155753,234.899994,46.599998,1.700000,1.400000,0.900000,-1.100000,199.100006,198.000000,19.400000,10.300000,145.399994,145.800003,-1.800000,-5.100000,0.100000,2,5,1,3,12,54,27,1,29,7,15,68,0,16,0,21,0,26,29,31,0,0,0,0
1438174469260174299,48.668352,6.155733,235.100006,46.599998,1.700000,1.400000,0.900000,-1.100000,200.500000,199.399994,18.299999,10.400000,145.899994,146.199997,-1.800000,-4.800000,0.200000,2,5,1,3,12,54,28,1,29,7,15,68,0,16,0,21,0,26,29,31,0,0,0,0
1438174470260014078,48.668313,6.155717,235.199997,46.599998,1.700000,1.400000,0.900000,-1.100000,199.800003,198.699997,15.900000,10.400000,146.399994,146.699997,-1.500000,-4.200000,0.200000,2,5,1,3,12,54,29,1,29,7,15,68,0,16,0,21,0,26,29,31,0,0,0,0
1438174471262817613,48.668278,6.155713,235.300003,46.599998,1.700000,1.400000,0.900000,-1.100000,174.100006,173.000000,15.000000,10.500000,144.800003,145.199997,0.400000,-4.200000,0.100000,2,5,1,3,12,54,30,1,29,7,15,68,0,16,0,21,0,26,29,31,0,0,0,0
1438174472266672159,48.668258,6.155737,235.500000,46.599998,1.700000,1.400000,0.900000,-1.100000,150.600006,149.500000,10.700000,10.500000,145.100006,145.500000,1.500000,-2.600000,0.100000,2,5,1,3,12,54,31,1,29,7,15,68,0,16,0,21,0,26,29,31,0,0,0,0
1438174473270492004,48.668260,6.155767,234.399994,46.599998,1.700000,1.400000,0.900000,-1.100000,83.099998,82.000000,10.700000,10.500000,141.199997,141.600006,2.900000,0.400000,0.100000,2,5,1,3,12,54,32,1,29,7,15,68,0,16,0,21,0,26,29,31,0,0,0,0
1438174474259291671,48.668275,6.155800,234.600006,46.599998,1.700000,1.400000,0.900000,-1.100000,39.200001,38.099998,9.400000,10.600000,141.300003,141.699997,1.700000,2.000000,0.100000,2,5,1,3,12,54,33,1,29,7,15,68,0,16,0,21,0,26,29,31,0,0,0,0
1438174475261009708,48.668298,6.155817,234.199997,46.599998,1.700000,1.400000,0.900000,-1.100000,17.200001,16.100000,9.300000,10.600000,140.199997,140.600006,0.800000,2.500000,0.200000,2,5,1,3,12,54,34,1,29,7,15,68,0,16,0,21,0,26,29,31,0,0,0,0
1438174476274682430,48.668328,6.155823,233.899994,46.599998,1.700000,1.400000,0.900000,-1.100000,358.700012,357.600006,13.400000,10.700000,138.600006,139.000000,-0.100000,3.700000,0.200000,2,5,1,3,12,54,35,1,29,7,15,68,0,16,0,21,0,26,29,31,0,0,0,0
1438174477260656629,48.668365,6.155817,234.500000,46.599998,3.200000,1.400000,2.900000,-1.100000,357.100006,356.000000,15.200000,10.700000,137.699997,138.100006,-0.200000,4.200000,0.200000,2,5,1,3,12,54,36,1,29,7,15,68,0,16,0,21,0,26,29,31,0,0,0,0
1438174478261417625,48.668407,6.155818,234.000000,46.599998,3.200000,1.400000,2.900000,-1.100000,357.899994,356.799988,15.800000,10.700000,136.500000,136.899994,-0.200000,4.400000,-0.000000,2,5,1,3,12,54,37,1,29,7,15,68,0,16,0,21,0,26,29,31,0,0,0,0
1438174479238343674,48.668445,6.155817,234.000000,46.599998,3.200000,1.400000,2.900000,-1.100000,357.899994,356.799988,15.800000,10.700000,136.500000,136.899994,-0.200000,4.400000,-0.000000,1,4,1,3,12,54,38,1,29,7,15,69,0,16,0,21,0,26,29,0,0,0,0,0
1438174480280050630,48.668498,6.155837,233.100006,46.599998,3.200000,1.400000,2.900000,-1.100000,10.200000,9.100000,18.500000,10.800000,135.300003,135.800003,0.900000,5.100000,-0.000000,2,5,1,3,12,54,39,1,29,7,15,68,0,16,0,21,0,26,29,31,0,0,0,0
1438174481274932635,48.668547,6.155857,232.300003,46.599998,3.200000,1.400000,2.900000,-1.100000,13.500000,12.400000,20.500000,10.900000,135.899994,136.399994,1.300000,5.500000,-0.100000,2,5,1,3,12,54,40,1,29,7,15,68,0,16,0,21,0,26,29,31,0,0,0,0
1438174482272712290,48.668602,6.155885,231.899994,46.599998,3.200000,1.400000,2.900000,-1.100000,13.000000,11.900000,18.200001,10.900000,137.000000,137.500000,1.100000,4.900000,-0.100000,2,5,1,3,12,54,41,1,29,7,15,68,0,16,0,21,0,26,29,31,0,0,0,0
1438174483262503236,48.668652,6.155905,231.399994,46.599998,3.200000,1.400000,2.900000,-1.100000,16.700001,15.600000,21.400000,10.900000,140.500000,141.000000,1.700000,5.700000,-0.200000,2,5,1,3,12,54,42,1,29,7,15,68,0,16,0,21,0,26,29,31,0,0,0,0
1438174484274293648,48.668702,6.155942,230.899994,46.599998,1.700000,1.400000,0.900000,-1.100000,27.299999,26.200001,21.400000,11.000000,139.500000,140.000000,2.700000,5.300000,-0.200000,2,5,1,3,12,54,43,1,29,7,15,68,0,16,0,21,0,26,29,31,0,0,0,0
1438174485280027578,48.668750,6.155990,230.100006,46.599998,1.700000,1.400000,0.900000,-1.100000,43.099998,42.000000,19.400000,11.000000,136.199997,136.600006,3.700000,3.900000,-0.200000,2,5,1,3,12,54,44,1,29,7,15,68,0,16,0,21,0,26,29,31,0,0,0,0
1438174486273860256,48.668785,6.156028,230.100006,46.599998,1.700000,1.400000,0.900000,-1.100000,35.799999,34.700001,17.000000,11.100000,136.199997,136.699997,2.800000,3.800000,-0.200000,2,5,1,3,12,54,45,1,29,7,15,68,0,16,0,21,0,26,29,31,0,0,0,0
1438174487261689762,48.668818,6.156042,230.000000,46.599998,1.700000,1.400000,0.900000,-1.100000,15.000000,13.900000,13.700000,11.100000,136.699997,137.199997,1.000000,3.700000,-0.200000,2,5,1,3,12,54,46,1,29,7,15,68,0,16,0,21,0,26,29,31,0,0,0,0
1438174488261462010,48.668857,6.156055,230.000000,46.599998,3.200000,1.400000,2.900000,-1.100000,12.500000,11.400000,14.700000,11.200000,138.000000,138.399994,0.900000,4.000000,-0.200000,2,5,1,3,12,54,47,1,29,7,15,68,0,16,0,21,0,26,29,31,0,0,0,0
1438174489272173797,48.668890,6.156063,229.899994,46.599998,3.200000,1.400000,2.900000,-1.100000,12.000000,10.900000,13.200000,11.200000,139.000000,139.500000,0.800000,3.600000,-0.200000,2,5,1,3,12,54,48,1,29,7,15,68,0,0,16,0,21,0,26,29,31,0,0,0
1438174490265072311,48.668913,6.156078,229.699997,46.599998,3.200000,1.400000,2.900000,-1.100000,14.400000,13.300000,9.300000,11.300000,140.800003,141.300003,0.600000,2.500000,-0.100000,2,5,1,3,12,54,49,1,29,7,15,68,0,0,16,0,21,0,26,29,31,0,0,0
1438174491276918347,48.668918,6.156093,229.600006,46.599998,3.200000,1.400000,2.900000,-1.100000,14.400000,13.300000,4.000000,11.300000,142.300003,142.699997,0.300000,1.100000,-0.000000,2,5,1,3,12,54,50,1,29,7,15,68,0,0,16,0,21,0,26,29,31,0,0,0
1438174492262704098,48.668940,6.156093,229.699997,46.599998,1.700000,1.400000,0.900000,-1.100000,2.000000,0.900000,4.500000,11.400000,139.000000,139.500000,0.000000,1.300000,-0.000000,2,5,1,3,12,54,51,1,29,7,15,68,0,0,16,0,21,0,26,29,31,0,0,0
1438174493268574650,48.668965,6.156108,229.199997,46.599998,3.200000,1.400000,2.900000,-1.100000,26.500000,25.400000,10.300000,11.400000,136.300003,136.800003,1.300000,2.600000,-0.000000,2,5,1,3,12,54,52,1,29,7,15,68,0,16,0,21,0,26,29,31,0,0,0,0
1438174494267139615,48.668988,6.156125,229.100006,46.599998,1.700000,1.400000,0.900000,-1.100000,32.799999,31.700001,11.000000,11.500000,135.800003,136.300003,1.700000,2.600000,0.000000,2,5,1,3,12,54,53,1,29,7,15,68,0,16,0,21,0,26,29,31,0,0,0,0
1438174495266025774,48.669018,6.156147,228.899994,46.599998,1.700000,1.400000,0.900000,-1.100000,29.299999,28.200001,12.900000,11.500000,134.600006,135.000000,1.800000,3.100000,0.000000,2,5,1,3,12,54,54,1,29,7,15,68,0,0,16,0,21,0,26,29,31,0,0,0
1438174496276740733,48.669058,6.156162,227.500000,46.599998,1.700000,1.400000,0.900000,-1.100000,23.200001,22.100000,12.900000,11.600000,132.000000,132.500000,1.400000,3.300000,-0.000000,2,5,1,3,12,54,55,1,29,7,15,68,0,0,16,0,21,0,26,29,31,0,0,0
1438174497273609393,48.669095,6.156183,226.800003,46.599998,1.700000,1.400000,0.900000,-1.100000,25.799999,24.700001,14.400000,11.700000,130.899994,131.399994,1.700000,3.600000,-0.000000,2,5,1,3,12,54,56,1,29,7,15,68,0,0,16,0,21,0,26,29,31,0,0,0
1438174498269289147,48.669128,6.156208,227.000000,46.599998,1.700000,1.400000,0.900000,-1.100000,25.900000,24.799999,15.500000,11.700000,130.899994,131.399994,1.900000,3.900000,0.000000,2,5,1,3,12,54,57,1,29,7,15,68,0,0,16,0,21,0,26,29,31,0,0,0
1438174499266022362,48.669163,6.156233,226.899994,46.599998,1.700000,1.400000,0.900000,-1.100000,29.100000,28.000000,13.500000,11.800000,129.500000,130.100006,1.800000,3.300000,0.000000,2,5,1,3,12,54,58,1,29,7,15,68,0,0,16,0,21,0,26,29,31,0,0,0
1438174500265818594,48.669192,6.156263,226.000000,46.599998,1.700000,1.400000,0.900000,-1.100000,38.000000,36.900002,11.600000,11.800000,127.699997,128.199997,2.000000,2.500000,0.000000,2,5,1,3,12,54,59,1,29,7,15,68,0,0,16,0,21,0,26,29,31,0,0,0
1438174501273554909,48.669212,6.156282,226.100006,46.599998,1.700000,1.400000,0.900000,-1.100000,41.099998,40.000000,9.500000,11.900000,125.599998,126.099998,1.700000,2.000000,-0.000000,2,5,1,3,12,55,0,1,29,7,15,68,0,0,16,0,21,0,26,29,31,0,0,0
1438174502272299597,48.669230,6.156305,225.699997,46.599998,1.700000,1.400000,0.900000,-1.100000,43.000000,41.900002,7.900000,11.900000,122.599998,123.099998,1.500000,1.600000,-0.100000,2,5,1,3,12,55,1,1,29,7,15,68,0,0,16,0,21,0,26,29,31,0,0,0
1438174503280097807,48.669233,6.156315,226.199997,46.599998,1.700000,1.400000,0.900000,-1.100000,43.000000,41.900002,0.000000,12.000000,121.300003,121.900002,0.000000,0.000000,0.000000,2,5,1,3,12,55,2,1,29,7,15,68,0,0,16,0,21,0,26,29,31,0,0,0
1438174504258929654,48.669242,6.156333,225.300003,46.599998,1.700000,1.400000,0.900000,-1.100000,43.000000,41.900002,0.000000,12.000000,119.599998,120.199997,0.000000,0.000000,0.000000,2,5,1,3,12,55,3,1,29,7,15,68,0,16,0,21,0,26,29,31,0,0,0,0
1438174505271622941,48.669260,6.156362,224.899994,46.599998,1.700000,1.400000,0.900000,-1.100000,49.500000,48.400002,8.000000,12.100000,117.900002,118.500000,1.700000,1.400000,-0.100000,2,5,1,3,12,55,4,1,29,7,15,68,0,16,0,21,0,26,29,31,0,0,0,0
1438174506272487714,48.669275,6.156392,224.600006,46.599998,1.700000,1.400000,0.900000,-1.100000,52.000000,50.900002,8.700000,12.100000,116.300003,116.900002,1.900000,1.500000,-0.100000,2,5,1,3,12,55,5,1,29,7,15,68,0,16,0,21,0,26,29,31,0,0,0,0
1438174507270412394,48.669293,6.156425,224.199997,46.599998,1.700000,1.400000,0.900000,-1.100000,47.799999,46.700001,10.500000,12.200000,115.699997,116.300003,2.200000,2.000000,-0.100000,2,5,1,3,12,55,6,1,29,7,15,68,0,16,0,21,0,26,29,31,0,0,0,0
1438174508270317092,48.669322,6.156467,223.899994,46.599998,1.700000,1.400000,0.900000,-1.100000,48.000000,46.900002,15.400000,12.200000,115.300003,116.000000,3.200000,2.900000,-0.100000,2,5,1,3,12,55,7,1,29,7,15,68,0,16,0,21,0,26,29,31,0,0,0,0
1438174509271133521,48.669347,6.156515,223.699997,46.599998,1.700000,1.400000,0.900000,-1.100000,54.099998,53.000000,14.800000,12.300000,114.699997,115.400002,3.300000,2.400000,-0.100000,2,5,1,3,12,55,8,1,29,7,15,68,0,16,0,21,0,26,29,31,0,0,0,0
1438174510267963867,48.669362,6.156550,223.100006,46.599998,1.700000,1.400000,0.900000,-1.100000,58.400002,57.299999,10.600000,12.300000,113.300003,114.000000,2.500000,1.500000,-0.100000,2,5,1,3,12,55,9,1,29,7,15,68,0,16,0,21,0,26,29,31,0,0,0,0
1438174511286665949,48.669382,6.156582,222.899994,46.599998,1.700000,1.400000,0.900000,-1.100000,35.599998,34.500000,11.200000,12.400000,113.599998,114.300003,1.800000,2.500000,-0.100000,2,5,1,3,12,55,10,1,29,7,15,68,0,16,0,21,0,26,29,31,0,0,0,0
1438174512266450639,48.669405,6.156610,222.699997,46.599998,1.700000,1.400000,0.900000,-1.100000,44.400002,43.299999,8.900000,12.400000,114.000000,114.599998,1.700000,1.800000,-0.100000,2,5,1,3,12,55,11,1,29,7,15,68,0,16,0,21,0,26,29,31,0,0,0,0
1438174513268056658,48.669420,6.156637,222.600006,46.599998,1.700000,1.400000,0.900000,-1.100000,50.900002,49.799999,8.500000,12.400000,114.400002,115.099998,1.800000,1.500000,-0.100000,2,5,1,3,12,55,12,1,29,7,15,68,0,16,0,21,0,26,29,31,0,0,0,0
1438174514272900444,48.669428,6.156657,222.399994,46.599998,1.700000,1.400000,0.900000,-1.100000,50.900002,49.799999,3.700000,12.500000,114.800003,115.500000,0.800000,0.700000,-0.100000,2,5,1,3,12,55,13,1,29,7,15,68,0,16,0,21,0,26,29,31,0,0,0,0
1438174515272830595,48.669432,6.156668,222.100006,46.599998,1.700000,1.400000,0.900000,-1.100000,50.900002,49.799999,2.900000,12.500000,114.599998,115.300003,0.600000,0.500000,-0.100000,2,5,1,3,12,55,14,1,29,7,15,68,0,16,0,21,0,26,29,31,0,0,0,0
1438174516282480412,48.669457,6.156708,222.399994,46.599998,1.700000,1.400000,0.900000,-1.100000,53.900002,52.799999,5.400000,12.600000,114.400002,115.099998,1.200000,0.900000,-0.100000,2,5,1,3,12,55,15,1,29,7,15,68,0,16,0,21,0,26,29,31,0,0,0,0
1438174517243295906,48.669465,6.156728,nan,46.599998,2.400000,2.200000,nan,-1.100000,47.799999,46.700001,5.500000,12.600000,nan,115.300003,1.100000,1.000000,nan,2,4,1,2,12,55,16,1,29,7,15,68,0,16,0,21,0,26,29,0,0,0,0,0
1438174518268990673,48.669487,6.156748,221.899994,46.599998,1.700000,1.400000,0.900000,-1.100000,19.900000,18.799999,6.600000,12.700000,114.400002,115.099998,0.600000,1.700000,0.100000,2,5,1,3,12,55,17,1,29,7,15,68,0,16,0,21,0,26,29,31,0,0,0,0
1438174519268750376,48.669498,6.156740,222.100006,46.599998,1.700000,1.400000,0.900000,-1.100000,310.100006,309.000000,6.200000,12.700000,114.900002,115.599998,-1.300000,1.100000,0.100000,2,5,1,3,12,55,18,1,29,7,15,68,0,16,0,21,0,26,29,31,0,0,0,0
1438174520266546706,48.669510,6.156708,222.199997,46.599998,1.700000,1.400000,0.900000,-1.100000,289.399994,288.299988,10.500000,12.700000,115.199997,115.900002,-2.800000,1.000000,0.100000,2,5,1,3,12,55,19,1,29,7,15,68,0,16,0,21,0,26,0,29,31,0,0,0
1438174521352209762,48.669513,6.156665,222.100006,46.599998,1.700000,1.400000,0.900000,-1.100000,271.000000,269.899994,12.100000,12.800000,115.300003,116.000000,-3.400000,0.100000,0.100000,2,5,1,3,12,55,20,1,29,7,15,68,0,16,0,21,0,26,0,29,31,0,0,0
1438174522267087201,48.669515,6.156603,222.500000,46.599998,1.700000,1.400000,0.900000,-1.100000,268.100006,267.000000,14.000000,12.800000,114.599998,115.300003,-3.900000,-0.100000,0.100000,2,5,1,3,12,55,21,1,29,7,15,68,0,16,0,21,0,26,0,29,31,0,0,0
1438174523278824925,48.669513,6.156557,222.300003,46.599998,1.700000,1.400000,0.900000,-1.100000,264.899994,263.799988,14.000000,12.900000,113.599998,114.400002,-3.900000,-0.300000,0.100000,2,5,1,3,12,55,22,1,29,7,15,68,0,16,0,21,0,26,0,29,31,0,0,0
1438174524283575625,48.669507,6.156492,222.800003,46.599998,1.700000,1.400000,0.900000,-1.100000,266.000000,264.899994,15.800000,12.900000,112.800003,113.500000,-4.400000,-0.300000,0.100000,2,5,1,3,12,55,23,1,29,7,15,68,0,16,0,21,0,26,0,29,31,0,0,0
1438174525268389648,48.669502,6.156435,223.000000,46.599998,1.700000,1.400000,0.900000,-1.100000,265.600006,264.500000,16.500000,12.900000,111.900002,112.599998,-4.600000,-0.400000,0.000000,2,5,1,3,12,55,24,1,29,7,15,68,0,16,0,21,0,26,0,29,31,0,0,0
1438174526281098742,48.669490,6.156357,223.199997,46.599998,1.700000,1.400000,0.900000,-1.100000,265.000000,263.899994,17.299999,12.900000,111.099998,111.800003,-4.800000,-0.400000,0.000000,2,5,1,3,12,55,25,1,29,7,15,68,0,16,0,21,0,26,0,29,31,0,0,0
1438174527277948262,48.669490,6.156295,223.199997,46.599998,1.700000,1.400000,0.900000,-1.100000,265.299988,264.200012,17.799999,13.000000,110.199997,111.000000,-4.900000,-0.400000,0.000000,2,5,1,3,12,55,26,1,29,7,15,68,0,16,0,21,0,26,0,29,31,0,0,0
1438174528278682013,48.669487,6.156227,223.199997,46.599998,1.700000,1.400000,0.900000,-1.100000,265.500000,264.399994,17.700001,13.000000,109.400002,110.199997,-4.900000,-0.400000,0.000000,2,5,1,3,12,55,27,1,29,7,15,68,0,16,0,21,0,26,0,29,31,0,0,0
1438174529271466512,48.669487,6.156163,223.199997,46.599998,1.700000,1.400000,0.900000,-1.100000,265.500000,264.399994,16.900000,13.000000,108.699997,109.500000,-4.700000,-0.400000,0.000000,2,5,1,3,12,55,28,1,29,7,15,68,0,16,0,21,0,26,0,29,31,0,0,0
1438174530277307588,48.669487,6.156118,223.199997,46.599998,1.700000,1.400000,0.900000,-1.100000,263.799988,262.700012,16.299999,13.000000,108.099998,108.900002,-4.500000,-0.500000,0.100000,2,5,1,3,12,55,29,1,29,7,15,68,0,16,0,21,0,26,0,29,31,0,0,0
1438174531269098261,48.669482,6.156063,223.100006,46.599998,1.700000,1.400000,0.900000,-1.100000,257.399994,256.299988,15.600000,13.000000,107.599998,108.400002,-4.200000,-0.900000,0.100000,2,5,1,3,12,55,30,1,29,7,15,68,0,16,0,21,0,26,0,29,31,0,0,0
1438174532267983149,48.669468,6.156005,223.399994,46.599998,1.700000,1.400000,0.900000,-1.100000,244.000000,242.899994,14.800000,12.900000,107.199997,108.000000,-3.700000,-1.800000,0.100000,2,5,1,3,12,55,31,1,29,7,15,68,0,16,0,21,0,26,29,31,0,0,0,0
1438174533276718932,48.669452,6.155963,223.399994,46.599998,1.700000,1.400000,0.900000,-1.100000,229.300003,228.199997,14.100000,12.600000,106.599998,107.400002,-3.000000,-2.600000,0.100000,2,5,1,3,12,55,32,1,29,7,15,68,0,16,0,21,0,26,29,31,0,0,0,0
1438174534276566682,48.669428,6.155920,223.100006,46.599998,1.700000,1.400000,0.900000,-1.100000,232.199997,231.100006,14.100000,12.400000,104.500000,105.300003,-3.100000,-2.400000,0.200000,2,5,1,3,12,55,33,1,29,7,15,68,0,16,0,21,0,26,29,31,0,0,0,0
1438174535282397847,48.669410,6.155882,222.899994,46.599998,1.700000,1.400000,0.900000,-1.100000,249.000000,247.899994,14.200000,12.200000,104.199997,104.900002,-3.700000,-1.400000,0.200000,2,5,1,3,12,55,34,1,29,7,15,68,0,16,0,21,0,26,29,31,0,0,0,0
1438174536271233971,48.669400,6.155833,223.100006,46.599998,1.700000,1.400000,0.900000,-1.100000,262.299988,261.200012,14.400000,12.000000,103.699997,104.400002,-4.000000,-0.500000,0.200000,2,5,1,3,12,55,35,1,29,7,15,68,0,16,0,21,0,26,29,31,0,0,0,0
1438174537266009407,48.669397,6.155775,223.699997,46.599998,1.700000,1.400000,0.900000,-1.100000,262.500000,261.399994,14.500000,11.700000,103.099998,103.699997,-4.000000,-0.500000,0.200000,2,5,1,3,12,55,36,1,29,7,15,68,0,16,0,21,0,26,29,31,0,0,0,0
1438174538275797788,48.669387,6.155723,223.600006,46.599998,1.700000,1.400000,0.900000,-1.100000,253.100006,252.000000,14.400000,11.600000,102.699997,103.400002,-3.800000,-1.200000,0.200000,2,5,1,3,12,55,37,1,29,7,15,68,0,16,0,21,0,26,29,31,0,0,0,0
1438174539280622762,48.669373,6.155673,224.000000,46.599998,1.700000,1.400000,0.900000,-1.100000,248.800003,247.699997,14.000000,11.500000,102.400002,103.000000,-3.600000,-1.400000,0.200000,2,5,1,3,12,55,38,1,29,7,15,68,0,16,0,21,0,26,29,31,0,0,0,0
1438174540275453379,48.669360,6.155630,223.699997,46.599998,1.700000,1.400000,0.900000,-1.100000,253.600006,252.500000,12.800000,11.300000,102.000000,102.599998,-3.400000,-1.000000,0.200000,2,5,1,3,12,55,39,1,29,7,15,68,0,16,0,21,0,26,29,31,0,0,0,0
1438174541280209624,48.669353,6.155588,224.000000,46.599998,1.700000,1.400000,0.900000,-1.100000,251.100006,250.000000,10.100000,11.200000,101.900002,102.500000,-2.600000,-0.900000,0.200000,2,5,1,3,12,55,40,1,29,7,15,68,0,16,0,21,0,26,29,31,0,0,0,0
1438174542269938039,48.669345,6.155558,224.300003,46.599998,1.700000,1.400000,0.900000,-1.100000,237.199997,236.100006,7.200000,11.200000,101.900002,102.500000,-1.700000,-1.100000,0.200000,2,5,1,3,12,55,41,1,29,7,15,68,0,16,0,21,0,26,29,31,0,0,0,0
1438174543271741074,48.669333,6.155545,224.300003,46.599998,1.700000,1.400000,0.900000,-1.100000,206.100006,205.000000,5.600000,11.200000,102.099998,102.699997,-0.700000,-1.400000,0.200000,2,5,1,3,12,55,42,1,29,7,15,68,0,16,0,21,0,26,29,31,0,0,0,0
1438174544235648064,48.669322,6.155537,224.500000,46.599998,1.700000,1.400000,0.900000,-1.100000,206.100006,205.000000,5.600000,11.200000,102.099998,102.699997,-0.700000,-1.400000,0.200000,1,3,1,3,12,55,43,1,29,7,15,69,0,0,0,21,0,26,29,0,0,0,0,0
1438174545259354614,48.669315,6.155535,nan,46.599998,2.400000,2.200000,nan,-1.100000,182.000000,180.899994,2.900000,11.200000,nan,103.400002,-0.000000,-0.800000,nan,2,4,1,2,12,55,44,1,29,7,15,68,0,0,0,21,0,26,29,31,0,0,0,0
1438174546291080675,48.669313,6.155538,225.300003,46.599998,1.700000,1.400000,0.900000,-1.100000,182.000000,180.899994,0.000000,11.200000,103.400002,104.000000,0.000000,0.000000,0.000000,2,5,1,3,12,55,45,1,29,7,15,68,0,16,0,21,0,26,29,31,0,0,0,0
1438174547275876358,48.669313,6.155540,225.399994,46.599998,1.700000,1.400000,0.900000,-1.100000,182.000000,180.899994,0.000000,11.300000,103.300003,103.900002,0.000000,0.000000,0.000000,2,5,1,3,12,55,46,1,29,7,15,68,0,16,0,21,0,26,29,31,0,0,0,0
1438174548273751611,48.669313,6.155535,225.600006,46.599998,1.700000,1.400000,0.900000,-1.100000,182.000000,180.899994,0.000000,11.300000,103.000000,103.599998,0.000000,0.000000,0.000000,2,5,1,3,12,55,47,1,29,7,15,68,0,16,0,21,0,26,29,31,0,0,0,0
1438174549248461425,48.669318,6.155528,nan,46.599998,2.400000,2.200000,nan,-1.100000,182.000000,180.899994,1.600000,11.300000,nan,103.400002,-0.000000,-0.400000,nan,2,4,1,2,12,55,48,1,29,7,15,68,0,0,0,21,0,26,29,31,0,0,0,0
1438174550275201988,48.669325,6.155522,226.300003,46.599998,1.700000,1.400000,0.900000,-1.100000,182.000000,180.899994,2.600000,11.300000,102.300003,103.000000,-0.000000,-0.700000,0.100000,2,5,1,3,12,55,49,1,29,7,15,68,0,16,0,21,0,26,29,31,0,0,0,0
1438174551248981488,48.669325,6.155508,nan,46.599998,3.000000,2.800000,nan,-1.100000,182.000000,180.899994,2.200000,11.300000,nan,100.900002,-0.000000,-0.600000,nan,2,3,1,2,12,55,50,1,29,7,15,68,0,0,0,21,0,26,29,0,0,0,0,0
1438174552217899482,48.669325,6.155502,nan,46.599998,3.000000,2.800000,nan,-1.100000,182.000000,180.899994,0.000000,11.300000,nan,99.199997,0.000000,0.000000,nan,2,3,1,2,12,55,51,1,29,7,15,68,0,0,0,21,0,26,29,0,0,0,0,0
1438174553216676965,48.669310,6.155468,nan,46.599998,3.000000,2.800000,nan,-1.100000,182.000000,180.899994,0.000000,11.300000,nan,87.300003,0.000000,0.000000,nan,2,3,1,2,12,55,52,1,29,7,15,68,0,0,0,21,0,26,29,0,0,0,0,0
1438174554222469828,48.669307,6.155470,nan,46.599998,3.000000,2.800000,nan,-1.100000,182.000000,180.899994,0.000000,11.300000,nan,86.199997,0.000000,0.000000,nan,2,3,1,2,12,55,53,1,29,7,15,68,0,0,0,21,0,26,29,0,0,0,0,0
1438174555219363394,48.669287,6.155423,nan,46.599998,3.000000,2.800000,nan,-1.100000,182.000000,180.899994,1.300000,9.800000,nan,73.300003,-0.000000,-0.300000,nan,2,3,1,2,12,55,54,1,29,7,15,68,0,0,0,21,0,26,29,0,0,0,0,0
1438174556262093356,48.669285,6.155430,232.800003,46.599998,2.400000,2.200000,1.000000,-1.100000,182.000000,180.899994,1.900000,9.700000,71.199997,71.900002,-0.000000,-0.500000,0.000000,2,4,1,3,12,55,55,1,29,7,15,68,0,16,0,21,0,26,29,0,0,0,0,0
1438174557288760971,48.669280,6.155427,234.899994,46.599998,2.300000,2.100000,1.000000,-1.100000,182.000000,180.899994,4.300000,8.900000,61.599998,62.200001,-0.000000,-1.200000,0.000000,2,5,1,3,12,55,56,1,29,7,15,68,0,16,20,21,0,26,29,0,0,0,0,0
1438174558298511382,48.669283,6.155452,234.500000,46.599998,2.300000,2.100000,1.000000,-1.100000,89.400002,88.300003,6.400000,8.500000,58.900002,59.500000,1.800000,0.000000,-0.000000,2,5,1,3,12,55,57,1,29,7,15,68,0,16,20,21,0,26,29,0,0,0,0,0
1438174559289371294,48.669285,6.155485,234.300003,46.599998,1.600000,1.300000,0.900000,-1.100000,77.500000,76.400002,9.600000,8.400000,57.099998,57.700001,2.600000,0.600000,-0.000000,2,6,1,3,12,55,58,1,29,7,15,68,0,16,20,21,0,26,29,31,0,0,0,0
1438174560290070975,48.669287,6.155518,234.800003,46.599998,1.600000,1.300000,0.900000,-1.100000,80.000000,78.900002,10.400000,8.100000,54.400002,55.099998,2.800000,0.500000,-0.000000,2,6,1,3,12,55,59,1,29,7,15,68,0,16,20,21,0,26,29,31,0,0,0,0
1438174561298961021,48.669292,6.155553,234.899994,46.599998,1.600000,1.300000,0.900000,-1.100000,81.000000,79.900002,11.500000,7.900000,52.099998,52.700001,3.200000,0.500000,0.000000,2,6,1,3,12,56,0,1,29,7,15,68,0,16,20,21,0,26,29,31,0,0,0,0
1438174562294947030,48.669300,6.155598,234.300003,46.599998,1.600000,1.300000,0.900000,-1.100000,75.500000,74.400002,12.000000,7.700000,48.900002,49.400002,3.200000,0.800000,-0.100000,2,6,1,3,12,56,1,1,29,7,15,68,0,0,16,20,21,0,26,29,31,0,0,0
1438174563294742125,48.669310,6.155638,234.000000,46.599998,2.700000,1.300000,2.400000,-1.100000,69.000000,67.900002,12.100000,7.300000,46.200001,46.700001,3.100000,1.200000,-0.100000,2,6,1,3,12,56,2,1,29,7,15,68,0,16,20,21,0,26,29,31,0,0,0,0
1438174564296537752,48.669318,6.155682,233.699997,46.599998,2.700000,1.300000,2.400000,-1.100000,80.900002,79.800003,13.000000,7.100000,43.500000,44.099998,3.600000,0.600000,-0.200000,2,6,1,3,12,56,3,1,29,7,15,68,0,16,20,21,0,26,29,31,0,0,0,0
1438174565303381241,48.669318,6.155728,233.399994,46.599998,2.700000,1.300000,2.400000,-1.100000,97.699997,96.500000,13.600000,6.800000,41.099998,41.700001,3.700000,-0.500000,-0.100000,2,6,1,3,12,56,4,1,29,7,15,68,0,16,20,21,0,26,29,31,0,0,0,0
1438174566300155699,48.669312,6.155782,233.800003,46.599998,2.700000,1.300000,2.400000,-1.100000,118.400002,117.300003,13.300000,6.500000,39.099998,39.599998,3.200000,-1.800000,-0.100000,2,6,1,3,12,56,5,1,29,7,15,68,0,16,20,21,0,26,29,31,0,0,0,0
1438174567289957482,48.669295,6.155813,234.300003,46.599998,2.700000,1.300000,2.400000,-1.100000,139.000000,137.899994,11.600000,6.300000,37.099998,37.599998,2.100000,-2.400000,-0.000000,2,6,1,3,12,56,6,1,29,7,15,68,0,16,20,21,0,26,29,31,0,0,0,0
1438174568290731259,48.669272,6.155833,234.699997,46.599998,2.700000,1.300000,2.400000,-1.100000,149.300003,148.199997,8.600000,6.200000,36.099998,36.599998,1.200000,-2.100000,0.100000,2,6,1,3,12,56,7,1,29,7,15,68,0,16,20,21,0,26,29,31,0,0,0,0
1438174569317398942,48.669260,6.155833,233.699997,46.599998,2.700000,1.300000,2.400000,-1.100000,154.199997,153.100006,6.200000,5.800000,33.799999,34.299999,0.700000,-1.500000,-0.100000,2,6,1,3,12,56,8,1,29,7,15,68,0,16,20,21,0,26,29,31,0,0,0,0
1438174570303202277,48.669255,6.155838,232.800003,46.599998,1.600000,1.300000,0.900000,-1.100000,154.199997,153.100006,3.900000,5.600000,32.000000,32.500000,0.500000,-1.000000,0.100000,2,6,1,3,12,56,9,1,29,7,15,68,0,16,20,21,0,26,29,31,0,0,0,0
1438174571316925944,48.669252,6.155840,232.399994,46.599998,1.600000,1.300000,0.900000,-1.100000,154.199997,153.100006,3.300000,5.500000,31.000000,31.500000,0.400000,-0.800000,-0.000000,2,6,1,3,12,56,10,1,29,7,15,68,0,16,20,21,0,26,29,31,0,0,0,0
1438174572304693048,48.669245,6.155835,231.100006,46.599998,1.600000,1.300000,0.900000,-1.100000,154.199997,153.100006,3.600000,5.200000,29.100000,29.500000,0.400000,-0.900000,-0.000000,2,6,1,3,12,56,11,1,29,7,15,68,0,16,20,21,0,26,29,31,0,0,0,0
1438174573306541818,48.669240,6.155835,231.500000,46.599998,1.600000,1.300000,0.900000,-1.100000,186.500000,185.399994,5.500000,5.000000,27.100000,27.600000,-0.200000,-1.500000,0.100000,2,6,1,3,12,56,12,1,29,7,15,68,0,0,16,20,21,0,26,29,31,0,0,0
1438174574296362277,48.669228,6.155818,231.399994,46.599998,1.600000,1.300000,0.900000,-1.100000,211.000000,209.899994,7.200000,5.000000,26.000000,26.500000,-1.000000,-1.700000,0.000000,2,6,1,3,12,56,13,1,29,7,15,68,0,16,20,21,0,26,29,31,0,0,0,0
1438174575319095317,48.669218,6.155793,230.300003,46.599998,1.600000,1.300000,0.900000,-1.100000,242.699997,241.600006,8.400000,4.900000,25.000000,25.500000,-2.100000,-1.100000,0.000000,2,6,1,3,12,56,14,1,29,7,15,68,0,16,20,21,0,26,29,31,0,0,0,0
1438174576347827620,48.669213,6.155763,230.399994,46.599998,1.600000,1.300000,0.900000,-1.100000,259.799988,258.700012,10.500000,4.800000,23.900000,24.400000,-2.900000,-0.500000,0.000000,2,6,1,3,12,56,15,1,29,7,15,68,0,16,20,21,0,26,29,31,0,0,0,0
1438174577309739352,48.669208,6.155722,230.800003,46.599998,2.700000,1.300000,2.400000,-1.100000,264.600006,263.500000,12.300000,4.700000,22.900000,23.400000,-3.400000,-0.300000,0.100000,2,6,1,3,12,56,16,1,29,7,15,68,0,16,20,21,0,26,29,31,0,0,0,0
1438174578320441200,48.669207,6.155675,231.000000,46.599998,2.700000,1.300000,2.400000,-1.100000,265.700012,264.600006,14.000000,4.600000,22.000000,22.500000,-3.900000,-0.300000,0.100000,2,7,1,3,12,56,17,1,29,7,15,68,0,16,18,20,21,0,26,29,31,0,0,0
1438174579309274037,48.669193,6.155612,230.100006,46.599998,2.700000,1.300000,2.400000,-1.100000,267.200012,266.100006,15.100000,4.500000,21.200001,21.700001,-4.200000,-0.200000,0.100000,2,7,1,3,12,56,18,1,29,7,15,68,0,16,18,20,21,0,26,29,31,0,0,0
1438174580310114400,48.669185,6.155558,230.399994,46.599998,1.600000,1.300000,0.900000,-1.100000,264.899994,263.799988,15.500000,4.400000,20.200001,20.600000,-4.300000,-0.400000,0.000000,2,7,1,3,12,56,19,1,29,7,15,68,0,16,18,20,21,0,26,29,31,0,0,0
1438174581327897667,48.669178,6.155505,231.300003,46.599998,2.700000,1.300000,2.400000,-1.100000,252.699997,251.600006,15.100000,4.300000,19.200001,19.700001,-4.000000,-1.200000,0.100000,2,7,1,3,12,56,20,1,29,7,15,68,0,16,18,20,21,0,26,29,31,0,0,0
1438174582317733234,48.669158,6.155453,231.699997,46.599998,1.600000,1.300000,0.900000,-1.100000,232.899994,231.800003,14.200000,4.200000,18.500000,19.000000,-3.100000,-2.400000,0.200000,2,7,1,3,12,56,21,1,29,7,15,68,0,16,18,20,21,0,26,29,31,0,0,0
1438174583304548092,48.669135,6.155422,232.100006,46.599998,2.100000,1.900000,0.900000,-1.100000,211.300003,210.199997,11.900000,4.200000,18.100000,18.600000,-1.700000,-2.800000,0.200000,2,6,1,3,12,56,22,1,29,7,15,68,0,0,18,20,21,0,26,29,31,0,0,0
1438174584287452921,48.669110,6.155408,232.500000,46.599998,2.800000,2.600000,1.000000,-1.100000,177.800003,176.699997,10.100000,4.200000,17.900000,18.400000,0.100000,-2.800000,0.100000,2,5,1,3,12,56,23,1,29,7,15,68,0,0,18,20,21,0,26,29,0,0,0,0
1438174585282188948,48.669082,6.155425,232.500000,46.599998,2.800000,2.600000,1.000000,-1.100000,159.100006,158.000000,12.900000,4.200000,17.900000,18.400000,1.300000,-3.300000,0.100000,2,5,1,3,12,56,24,1,29,7,15,68,0,0,18,20,21,0,26,29,0,0,0,0
1438174586303903950,48.669060,6.155460,232.399994,46.599998,1.900000,1.700000,0.900000,-1.100000,125.099998,124.000000,13.000000,4.200000,17.900000,18.400000,3.000000,-2.100000,0.100000,2,5,1,3,12,56,25,1,29,7,15,68,0,0,18,20,21,0,26,29,0,0,0,0
1438174587308616594,48.669045,6.155508,232.500000,46.599998,2.400000,2.100000,1.000000,-1.100000,110.000000,108.900002,15.300000,4.300000,18.299999,18.799999,4.000000,-1.400000,0.100000,2,6,1,3,12,56,26,1,29,7,15,68,0,16,18,20,21,0,26,29,0,0,0,0
1438174588297430306,48.669042,6.155567,232.399994,46.599998,2.400000,2.200000,1.000000,-1.100000,91.300003,90.199997,15.100000,4.300000,18.600000,19.100000,4.200000,-0.100000,0.100000,2,6,1,3,12,56,27,1,29,7,15,68,0,16,18,20,21,0,26,29,0,0,0,0
1438174589311242754,48.669045,6.155628,232.300003,46.599998,1.600000,1.400000,0.900000,-1.100000,84.199997,83.099998,16.200001,4.300000,18.799999,19.299999,4.500000,0.500000,0.200000,2,6,1,3,12,56,28,1,29,7,15,68,0,16,18,20,21,0,26,29,0,0,0,0
1438174590328970210,48.669050,6.155688,232.100006,46.599998,2.200000,1.200000,1.900000,-1.100000,82.099998,81.000000,16.799999,4.300000,19.299999,19.799999,4.600000,0.600000,0.200000,2,7,1,3,12,56,29,1,29,7,15,68,0,16,18,20,21,0,26,29,31,0,0,0
1438174591320967876,48.669053,6.155752,232.000000,46.599998,1.600000,1.400000,0.900000,-1.100000,85.300003,84.199997,17.200001,4.300000,19.500000,20.000000,4.800000,0.400000,0.200000,2,6,1,3,12,56,30,1,29,7,15,68,0,16,18,20,21,0,26,29,0,0,0,0
1438174592303824074,48.669053,6.155820,232.500000,46.599998,1.600000,1.400000,0.900000,-1.100000,93.500000,92.400002,17.100000,4.300000,19.700001,20.200001,4.800000,-0.300000,0.200000,2,6,1,3,12,56,31,1,29,7,15,68,0,16,18,20,21,0,26,29,0,0,0,0
1438174593344518507,48.669045,6.155882,232.600006,46.599998,1.400000,1.100000,0.800000,-1.100000,110.800003,109.699997,16.700001,4.300000,19.900000,20.400000,4.300000,-1.600000,0.200000,2,7,1,3,12,56,32,1,29,7,15,68,5,16,18,20,21,0,26,29,0,0,0,0
1438174594375251783,48.669042,6.155935,232.300003,46.599998,1.800000,1.000000,1.500000,-1.100000,82.500000,81.400002,13.800000,4.300000,20.500000,21.000000,3.800000,0.500000,0.000000,2,8,1,3,12,56,33,1,29,7,15,68,5,16,18,20,21,0,26,29,31,0,0,0
1438174595357032022,48.669050,6.155982,232.399994,46.599998,1.300000,1.000000,0.800000,-1.100000,71.800003,70.699997,13.400000,4.300000,20.900000,21.299999,3.500000,1.200000,0.000000,2,8,1,3,12,56,34,1,29,7,15,68,5,16,18,20,21,0,26,29,31,0,0,0
1438174596347844618,48.669068,6.156020,231.800003,46.599998,1.300000,1.000000,0.800000,-1.100000,49.299999,48.200001,14.000000,4.400000,21.500000,21.900000,2.900000,2.500000,-0.100000,2,8,1,3,12,56,35,1,29,7,15,68,5,16,18,20,21,0,26,29,31,0,0,0
1438174597340629718,48.669093,6.156057,231.899994,46.599998,1.300000,1.000000,0.800000,-1.100000,38.599998,37.500000,13.800000,4.400000,21.400000,21.900000,2.400000,3.000000,-0.100000,2,8,1,3,12,56,36,1,29,7,15,68,5,16,18,20,21,0,26,29,31,0,0,0
1438174598345357469,48.669117,6.156082,231.699997,46.599998,1.800000,1.000000,1.500000,-1.100000,31.700001,30.600000,11.800000,4.400000,21.700001,22.100000,1.700000,2.800000,-0.000000,2,8,1,3,12,56,37,1,29,7,15,68,5,16,18,20,21,0,26,29,31,0,0,0
1438174599354144382,48.669150,6.156093,230.899994,46.599998,1.300000,1.000000,0.800000,-1.100000,16.000000,14.900000,11.500000,4.400000,21.799999,22.200001,0.900000,3.100000,-0.100000,2,8,1,3,12,56,38,1,29,7,15,68,5,16,18,20,21,0,26,29,31,0,0,0
1438174600338865388,48.669190,6.156092,230.600006,46.599998,1.800000,1.000000,1.500000,-1.100000,343.000000,341.899994,10.700000,4.400000,20.799999,21.200001,-0.900000,2.800000,-0.200000,2,8,1,3,12,56,39,1,29,7,15,68,5,16,18,20,21,0,26,29,31,0,0,0
1438174601344641684,48.669208,6.156058,229.399994,46.599998,1.800000,1.000000,1.500000,-1.100000,299.399994,298.299988,9.300000,4.400000,20.500000,21.000000,-2.200000,1.300000,-0.300000,2,8,1,3,12,56,40,1,29,7,15,68,5,16,18,20,21,0,26,29,31,0,0,0
1438174602352413580,48.669217,6.156018,229.800003,46.599998,1.800000,1.000000,1.500000,-1.100000,268.899994,267.799988,11.400000,4.400000,19.799999,20.299999,-3.200000,-0.100000,-0.100000,2,8,1,3,12,56,41,1,29,7,15,68,5,16,18,20,21,0,26,29,31,0,0,0
1438174603355225389,48.669213,6.155972,230.000000,46.599998,1.800000,1.000000,1.500000,-1.100000,264.399994,263.299988,12.400000,4.500000,19.299999,19.799999,-3.400000,-0.300000,-0.100000,2,8,1,3,12,56,42,1,29,7,15,68,5,16,18,20,21,0,26,29,31,0,0,0
1438174604350021409,48.669208,6.155923,229.899994,46.599998,1.800000,1.000000,1.500000,-1.100000,265.799988,264.700012,13.800000,4.500000,18.799999,19.299999,-3.800000,-0.300000,-0.100000,2,8,1,3,12,56,43,1,29,7,15,68,5,16,18,20,21,0,26,29,31,0,0,0
1438174605367804294,48.669203,6.155868,230.300003,46.599998,1.800000,1.000000,1.500000,-1.100000,267.399994,266.299988,15.500000,4.500000,17.900000,18.500000,-4.300000,-0.200000,0.000000,2,8,1,3,12,56,44,1,29,7,15,68,5,16,18,20,21,0,26,29,31,0,0,0
1438174606358517159,48.669200,6.155803,229.199997,46.599998,1.800000,1.000000,1.500000,-1.100000,273.500000,272.399994,16.500000,4.500000,16.700001,17.299999,-4.600000,0.300000,0.000000,2,8,1,3,12,56,45,1,29,7,15,68,5,16,18,20,21,0,26,29,31,0,0,0
1438174607360400685,48.669205,6.155742,229.500000,46.599998,1.800000,1.000000,1.500000,-1.100000,275.299988,274.200012,17.000000,4.500000,16.100000,16.700001,-4.700000,0.400000,0.100000,2,8,1,3,12,56,46,1,29,7,15,68,5,16,18,20,21,0,26,29,31,0,0,0
1438174608350243642,48.669208,6.155677,229.399994,46.599998,1.800000,1.000000,1.500000,-1.100000,275.200012,274.100006,17.299999,4.500000,15.500000,16.100000,-4.800000,0.400000,0.100000,2,8,1,3,12,56,47,1,29,7,15,68,5,16,18,20,21,0,26,29,31,0,0,0
1438174609352966557,48.669210,6.155607,229.800003,46.599998,1.800000,1.000000,1.500000,-1.100000,275.600006,274.500000,17.400000,4.300000,14.800000,15.400000,-4.800000,0.500000,0.100000,2,8,1,3,12,56,48,1,29,7,15,68,5,16,18,20,21,0,26,29,31,0,0,0
1438174610349832520,48.669210,6.155543,230.300003,46.599998,1.800000,1.000000,1.500000,-1.100000,274.399994,273.299988,17.799999,4.200000,14.100000,14.700000,-4.900000,0.400000,0.100000,2,8,1,3,12,56,49,1,29,7,15,68,5,16,18,20,21,0,26,29,31,0,0,0
1438174611446451134,48.669212,6.155478,230.399994,46.599998,1.800000,1.000000,1.500000,-1.100000,273.600006,272.500000,17.700001,4.100000,13.600000,14.200000,-4.900000,0.300000,0.100000,2,8,1,3,12,56,50,1,29,7,15,68,5,16,18,20,21,0,26,29,31,0,0,0
1438174612357458737,48.669213,6.155415,230.500000,46.599998,1.800000,1.000000,1.500000,-1.100000,271.700012,270.600006,17.299999,4.100000,13.200000,13.800000,-4.800000,0.100000,0.100000,2,8,1,3,12,56,51,1,29,7,15,68,5,16,18,20,21,0,26,29,31,0,0,0
1438174613336194155,48.669215,6.155352,230.500000,46.599998,1.500000,1.200000,0.800000,-1.100000,273.899994,272.799988,15.800000,4.100000,13.100000,13.800000,-4.400000,0.300000,0.100000,2,7,1,3,12,56,52,1,29,7,15,68,5,0,18,20,21,0,26,29,31,0,0,0
1438174614350886597,48.669215,6.155295,230.600006,46.599998,1.500000,1.200000,0.900000,-1.100000,268.700012,267.600006,14.200000,4.100000,13.200000,13.800000,-4.000000,-0.100000,0.100000,2,7,1,3,12,56,53,1,29,7,15,68,5,0,18,20,21,0,26,29,31,0,0,0
1438174615356759938,48.669217,6.155243,230.600006,46.599998,1.300000,1.000000,0.800000,-1.100000,271.899994,270.799988,14.200000,4.100000,13.600000,14.200000,-3.900000,0.100000,0.100000,2,8,1,3,12,56,54,1,29,7,15,68,5,16,18,20,21,0,26,29,31,0,0,0
1438174616332561767,48.669218,6.155198,230.699997,46.599998,1.400000,1.000000,0.900000,-1.100000,273.299988,272.200012,11.600000,4.200000,14.000000,14.600000,-3.200000,0.200000,0.100000,2,6,1,3,12,56,55,1,29,7,15,68,5,16,18,20,0,26,31,0,0,0,0,0
1438174617309444830,48.669225,6.155157,230.800003,46.599998,1.500000,1.200000,0.900000,-1.100000,284.100006,283.000000,11.600000,4.200000,14.500000,15.100000,-3.100000,0.800000,0.100000,2,5,1,3,12,56,56,1,29,7,15,68,5,16,18,20,0,26,0,0,0,0,0,0
1438174618294271943,48.669237,6.155117,230.800003,46.599998,2.200000,1.900000,1.000000,-1.100000,291.500000,290.399994,11.700000,4.300000,15.200000,15.800000,-3.000000,1.200000,0.100000,2,5,1,3,12,56,57,1,29,7,15,68,5,16,20,0,26,29,0,0,0,0,0,0
1438174619302000611,48.669238,6.155078,230.899994,46.599998,2.200000,1.900000,1.000000,-1.100000,285.799988,284.700012,10.100000,4.400000,15.900000,16.500000,-2.700000,0.800000,0.100000,2,5,1,3,12,56,58,1,29,7,15,68,5,16,20,26,29,0,0,0,0,0,0,0
1438174620301783203,48.669247,6.155042,230.899994,46.599998,2.200000,1.900000,1.000000,-1.100000,301.899994,300.799988,8.800000,4.500000,16.600000,17.200001,-2.100000,1.300000,0.100000,2,5,1,3,12,56,59,1,29,7,15,68,5,16,20,0,26,29,0,0,0,0,0,0
1438174621305553082,48.669207,6.155003,231.100006,46.599998,2.200000,1.900000,1.000000,-1.100000,254.199997,253.100006,6.900000,4.600000,17.299999,17.900000,-1.800000,-0.500000,0.100000,2,5,1,3,12,57,0,1,29,7,15,68,5,16,20,0,0,26,29,0,0,0,0,0
1438174622319421945,48.669225,6.154975,231.300003,46.599998,1.800000,1.500000,1.000000,-1.100000,294.299988,293.200012,8.000000,4.800000,18.000000,18.700001,-2.000000,0.900000,0.100000,2,6,1,3,12,57,1,1,29,7,15,68,5,16,20,21,0,26,29,0,0,0,0,0
1438174623307237913,48.669237,6.154938,231.399994,46.599998,2.400000,2.200000,1.000000,-1.100000,287.200012,286.100006,8.000000,4.900000,18.700001,19.299999,-2.100000,0.700000,0.100000,2,5,1,3,12,57,2,1,29,7,15,68,0,16,20,21,0,26,29,0,0,0,0,0
1438174624321058032,48.669235,6.154895,231.500000,46.599998,1.600000,1.300000,0.900000,-1.100000,282.899994,281.799988,9.500000,5.000000,19.200001,19.900000,-2.600000,0.600000,0.100000,2,6,1,3,12,57,3,1,29,7,15,68,0,16,20,21,0,26,29,31,0,0,0,0
1438174625316944519,48.669228,6.154823,231.699997,46.599998,1.600000,1.300000,0.900000,-1.100000,270.799988,269.700012,14.600000,5.100000,19.799999,20.400000,-4.100000,0.100000,0.100000,2,6,1,3,12,57,4,1,29,7,15,68,0,16,20,21,0,26,29,31,0,0,0,0
1438174626317736904,48.669208,6.154762,231.800003,46.599998,1.600000,1.300000,0.900000,-1.100000,261.299988,260.200012,18.100000,5.300000,20.500000,21.200001,-5.000000,-0.800000,0.200000,2,6,1,3,12,57,5,1,29,7,15,68,0,16,20,21,26,29,31,0,0,0,0,0
1438174627317561943,48.669195,6.154697,232.000000,46.599998,1.600000,1.300000,0.900000,-1.100000,264.200012,263.100006,17.500000,5.400000,20.900000,21.600000,-4.800000,-0.500000,0.200000,2,6,1,3,12,57,6,1,29,7,15,68,0,16,20,21,26,29,31,0,0,0,0,0
1438174628338340167,48.669177,6.154617,232.199997,46.599998,2.200000,1.200000,1.900000,-1.100000,264.299988,263.200012,17.400000,5.400000,20.500000,21.200001,-4.800000,-0.500000,0.200000,2,7,1,3,12,57,7,1,29,7,15,68,5,16,20,21,26,29,31,0,0,0,0,0
1438174629336006583,48.669183,6.154535,232.000000,46.599998,2.200000,1.200000,1.900000,-1.100000,265.700012,264.600006,17.100000,5.500000,18.900000,19.700001,-4.700000,-0.400000,0.100000,2,7,1,3,12,57,8,1,29,7,15,68,5,16,20,21,26,29,31,0,0,0,0,0
1438174630327916081,48.669168,6.154480,231.899994,46.599998,2.200000,1.200000,1.900000,-1.100000,266.200012,265.100006,16.200001,5.500000,18.200001,19.000000,-4.500000,-0.300000,0.100000,2,7,1,3,12,57,9,1,29,7,15,68,5,16,20,21,26,29,31,0,0,0,0,0
1438174631341577359,48.669153,6.154430,231.600006,46.599998,2.200000,1.200000,1.900000,-1.100000,267.100006,266.000000,15.300000,5.600000,17.600000,18.500000,-4.200000,-0.200000,0.100000,2,7,1,3,12,57,10,1,29,7,15,68,5,16,20,21,26,29,31,0,0,0,0,0
1438174632338531734,48.669158,6.154380,231.800003,46.599998,2.200000,1.200000,1.900000,-1.100000,269.299988,268.200012,12.500000,5.600000,16.700001,17.600000,-3.500000,-0.000000,0.100000,2,7,1,3,12,57,11,1,29,7,15,68,5,16,20,21,26,29,31,0,0,0,0,0
1438174633342337593,48.669153,6.154338,231.800003,46.599998,2.200000,1.200000,1.900000,-1.100000,259.399994,258.299988,9.800000,5.600000,16.000000,16.900000,-2.700000,-0.500000,-0.000000,2,7,1,3,12,57,12,1,29,7,15,68,5,16,20,21,26,29,31,0,0,0,0,0
1438174634329142845,48.669143,6.154313,232.199997,46.599998,2.200000,1.200000,1.900000,-1.100000,214.100006,213.000000,8.000000,5.600000,15.600000,16.500000,-1.200000,-1.800000,-0.000000,2,7,1,3,12,57,13,1,29,7,15,68,5,16,20,21,26,29,31,0,0,0,0,0
1438174635363825476,48.669118,6.154315,232.600006,46.599998,1.400000,1.100000,0.900000,-1.100000,175.500000,174.399994,9.100000,5.600000,15.200000,16.200001,0.200000,-2.500000,0.100000,2,8,1,3,12,57,14,1,29,7,15,68,5,16,18,20,21,26,29,31,0,0,0,0
1438174636351621840,48.669103,6.154330,232.399994,46.599998,2.200000,1.200000,1.900000,-1.100000,136.100006,135.000000,7.200000,5.600000,14.700000,15.700000,1.400000,-1.400000,-0.000000,2,8,1,3,12,57,15,1,29,7,15,68,5,16,18,20,21,26,29,31,0,0,0,0
1438174637351462116,48.669100,6.154353,232.500000,46.599998,2.200000,1.200000,1.900000,-1.100000,103.699997,102.599998,9.100000,5.600000,14.400000,15.400000,2.400000,-0.600000,-0.100000,2,8,1,3,12,57,16,1,29,7,15,68,5,16,18,20,21,26,29,31,0,0,0,0
1438174638347320602,48.669097,6.154393,232.399994,46.599998,2.200000,1.200000,1.900000,-1.100000,86.900002,85.800003,10.600000,5.600000,14.400000,15.400000,2.900000,0.200000,-0.100000,2,8,1,3,12,57,17,1,29,7,15,68,5,16,18,20,21,26,29,31,0,0,0,0
1438174639342133232,48.669100,6.154438,232.500000,46.599998,2.200000,1.200000,1.900000,-1.100000,84.199997,83.099998,12.600000,5.600000,14.700000,15.800000,3.500000,0.400000,-0.000000,2,8,1,3,12,57,18,1,29,7,15,68,5,16,18,20,21,26,29,31,0,0,0,0
1438174640347937472,48.669107,6.154487,232.399994,46.599998,2.200000,1.200000,1.900000,-1.100000,88.900002,87.800003,13.800000,5.500000,15.200000,16.200001,3.800000,0.100000,-0.100000,2,8,1,3,12,57,19,1,29,7,15,68,5,16,18,20,21,0,26,29,31,0,0,0
1438174641360783975,48.669108,6.154542,232.600006,46.599998,2.200000,1.200000,1.900000,-1.100000,89.199997,88.099998,15.000000,5.200000,14.400000,15.300000,4.200000,0.100000,0.200000,2,8,1,3,12,57,20,1,29,7,15,68,5,16,18,20,21,0,26,29,31,0,0,0
1438174642332620670,48.669112,6.154600,232.699997,46.599998,2.200000,1.200000,1.900000,-1.100000,88.099998,87.000000,15.300000,4.900000,14.000000,14.900000,4.200000,0.100000,0.100000,2,7,1,3,12,57,21,1,29,7,15,68,5,16,0,20,21,0,26,29,31,0,0,0
1438174643332468571,48.669117,6.154650,232.500000,46.599998,2.200000,1.200000,1.900000,-1.100000,87.599998,86.500000,14.900000,4.600000,13.600000,14.400000,4.100000,0.200000,0.100000,2,7,1,3,12,57,22,1,29,7,15,68,5,16,0,20,21,0,26,29,31,0,0,0
1438174644334212533,48.669120,6.154705,232.199997,46.599998,2.200000,1.200000,1.900000,-1.100000,88.199997,87.099998,13.900000,4.400000,13.300000,14.100000,3.900000,0.100000,0.100000,2,7,1,3,12,57,23,1,29,7,15,68,5,16,0,20,21,0,26,29,31,0,0,0
1438174645333994689,48.669122,6.154748,231.600006,46.599998,2.200000,1.200000,1.900000,-1.100000,89.000000,87.900002,12.600000,4.300000,13.000000,13.700000,3.500000,0.100000,0.100000,2,7,1,3,12,57,24,1,29,7,15,68,5,16,0,20,21,0,26,29,31,0,0,0
1438174646333740647,48.669122,6.154790,231.899994,46.599998,1.600000,1.300000,0.900000,-1.100000,86.000000,84.900002,11.100000,4.100000,12.700000,13.300000,3.100000,0.200000,0.100000,2,7,1,3,12,57,25,1,29,7,15,68,0,16,18,20,21,26,29,31,0,0,0,0
1438174647360442998,48.669120,6.154833,232.300003,46.599998,1.300000,1.000000,0.800000,-1.100000,85.900002,84.800003,9.900000,4.000000,12.400000,13.000000,2.800000,0.200000,0.100000,2,8,1,3,12,57,26,1,29,7,15,68,5,16,18,20,21,26,29,31,0,0,0,0
1438174648353189535,48.669122,6.154868,232.500000,46.599998,1.300000,1.000000,0.800000,-1.100000,96.400002,95.300003,9.500000,4.000000,12.200000,12.800000,2.600000,-0.300000,0.100000,2,8,1,3,12,57,27,1,29,7,15,68,5,16,18,20,21,26,29,31,0,0,0,0
1438174649341030335,48.669112,6.154903,232.699997,46.599998,1.600000,1.300000,0.900000,-1.100000,121.000000,119.900002,8.500000,4.000000,11.900000,12.500000,2.000000,-1.200000,0.100000,2,7,1,3,12,57,28,1,29,7,15,68,0,16,18,20,21,26,29,31,0,0,0,0
1438174650332828206,48.669100,6.154930,232.699997,46.599998,1.600000,1.300000,0.900000,-1.100000,126.800003,125.699997,8.800000,4.000000,11.600000,12.200000,2.000000,-1.500000,0.200000,2,7,1,3,12,57,29,1,29,7,15,68,0,16,18,20,21,26,29,31,0,0,0,0
1438174651346634612,48.669085,6.154947,232.500000,46.599998,1.400000,1.100000,0.900000,-1.100000,151.000000,149.899994,7.300000,4.000000,11.300000,12.000000,1.000000,-1.800000,-0.000000,2,7,1,3,12,57,30,1,29,7,15,68,0,16,18,20,21,26,29,31,0,0,0,0
1438174652349295478,48.669072,6.154958,232.699997,46.599998,1.300000,1.000000,0.800000,-1.100000,149.800003,148.699997,4.400000,4.000000,11.300000,12.000000,0.600000,-1.100000,0.000000,2,8,1,3,12,57,31,1,29,7,15,68,5,16,18,20,21,26,29,31,0,0,0,0
1438174653342138597,48.669065,6.154963,232.800003,46.599998,1.600000,1.300000,0.900000,-1.100000,149.800003,148.699997,0.000000,4.000000,11.300000,12.000000,0.000000,0.000000,0.000000,2,7,1,3,12,57,32,1,29,7,15,68,0,16,18,20,21,26,29,31,0,0,0,0
1438174654332906472,48.669063,6.154963,232.399994,46.599998,1.600000,1.300000,0.900000,-1.100000,149.800003,148.699997,0.000000,4.000000,11.000000,11.700000,0.000000,0.000000,0.000000,2,7,1,3,12,57,33,1,29,7,15,68,0,16,18,20,21,26,29,31,0,0,0,0
1438174655329693763,48.669062,6.154967,232.500000,46.599998,1.400000,1.100000,0.900000,-1.100000,149.800003,148.699997,0.000000,4.000000,10.800000,11.500000,0.000000,0.000000,0.000000,2,7,1,3,12,57,34,1,29,7,15,68,0,16,18,20,21,26,29,31,0,0,0,0
1438174656332507519,48.669063,6.154967,232.199997,46.599998,1.500000,1.200000,0.900000,-1.100000,149.800003,148.699997,0.000000,4.000000,10.600000,11.300000,0.000000,0.000000,0.000000,2,6,1,3,12,57,35,1,29,7,15,68,0,16,18,21,26,29,31,0,0,0,0,0
1438174657315282801,48.669065,6.154970,232.600006,46.599998,1.500000,1.200000,0.900000,-1.100000,149.800003,148.699997,0.000000,4.000000,10.400000,11.200000,0.000000,0.000000,0.000000,2,6,1,3,12,57,36,1,29,7,15,68,0,16,18,21,26,29,31,0,0,0,0,0
1438174658326980038,48.669063,6.154972,232.699997,46.599998,1.500000,1.200000,0.900000,-1.100000,149.800003,148.699997,0.000000,4.000000,10.200000,11.000000,0.000000,0.000000,0.000000,2,6,1,3,12,57,37,1,29,7,15,68,0,0,16,18,21,26,29,31,0,0,0,0
1438174659313670271,48.669063,6.154972,232.699997,46.599998,1.700000,1.400000,0.900000,-1.100000,149.800003,148.699997,0.000000,4.000000,10.000000,10.800000,0.000000,0.000000,0.000000,2,5,1,3,12,57,38,1,29,7,15,68,16,21,26,29,31,0,0,0,0,0,0,0
1438174660301512175,48.669065,6.154975,232.800003,46.599998,1.700000,1.400000,0.900000,-1.100000,149.800003,148.699997,0.000000,4.000000,9.800000,10.600000,0.000000,0.000000,0.000000,2,5,1,3,12,57,39,1,29,7,15,68,16,21,26,29,31,0,0,0,0,0,0,0
1438174661298195377,48.669067,6.154975,232.699997,46.599998,2.500000,2.200000,1.000000,-1.100000,149.800003,148.699997,0.000000,4.000000,9.700000,10.500000,0.000000,0.000000,0.000000,2,4,1,3,12,57,40,1,29,7,15,68,0,16,21,26,31,0,0,0,0,0,0,0
1438174662288909339,48.669065,6.154977,233.000000,46.599998,2.500000,2.200000,1.000000,-1.100000,149.800003,148.699997,0.000000,4.000000,9.600000,10.400000,0.000000,0.000000,0.000000,2,4,1,3,12,57,41,1,29,7,15,68,0,16,21,26,31,0,0,0,0,0,0,0
1438174663286641434,48.669067,6.154977,232.699997,46.599998,2.500000,2.200000,1.000000,-1.100000,149.800003,148.699997,0.000000,4.000000,9.400000,10.300000,0.000000,0.000000,0.000000,2,4,1,3,12,57,42,1,29,7,15,68,0,16,21,26,31,0,0,0,0,0,0,0
1438174664278499047,48.669065,6.154977,232.500000,46.599998,2.500000,2.200000,1.000000,-1.100000,149.800003,148.699997,0.000000,4.000000,9.300000,10.100000,0.000000,0.000000,0.000000,2,4,1,3,12,57,43,1,29,7,15,68,0,16,21,26,31,0,0,0,0,0,0,0
1438174665288225437,48.669067,6.154978,232.199997,46.599998,2.400000,2.200000,1.000000,-1.100000,149.800003,148.699997,0.000000,4.000000,9.200000,10.000000,0.000000,0.000000,0.000000,2,4,1,3,12,57,44,1,29,7,15,68,0,16,21,26,31,0,0,0,0,0,0,0
1438174666287105070,48.669063,6.154980,232.300003,46.599998,2.500000,2.200000,1.000000,-1.100000,149.800003,148.699997,0.000000,4.000000,9.100000,9.900000,0.000000,0.000000,0.000000,2,4,1,3,12,57,45,1,29,7,15,68,0,16,21,26,31,0,0,0,0,0,0,0
1438174667289865987,48.669062,6.154980,232.100006,46.599998,2.400000,2.200000,1.000000,-1.100000,149.800003,148.699997,0.000000,4.000000,9.000000,9.900000,0.000000,0.000000,0.000000,2,4,1,3,12,57,46,1,29,7,15,68,0,16,21,26,31,0,0,0,0,0,0,0
1438174668294650713,48.669058,6.154980,231.899994,46.599998,1.700000,1.400000,0.900000,-1.100000,149.800003,148.699997,0.000000,4.000000,8.900000,9.800000,0.000000,0.000000,0.000000,2,5,1,3,12,57,47,1,29,7,15,68,5,16,21,26,31,0,0,0,0,0,0,0
1438174669280388771,48.669057,6.154977,231.300003,46.599998,2.400000,2.200000,1.000000,-1.100000,149.800003,148.699997,0.000000,4.000000,8.900000,9.700000,0.000000,0.000000,0.000000,2,4,1,3,12,57,48,1,29,7,15,68,0,16,21,26,31,0,0,0,0,0,0,0
1438174670289206309,48.669052,6.154970,230.899994,46.599998,2.400000,2.200000,1.000000,-1.100000,149.800003,148.699997,1.500000,4.000000,8.800000,9.700000,0.200000,-0.400000,-0.000000,2,4,1,3,12,57,49,1,29,7,15,68,0,16,21,26,31,0,0,0,0,0,0,0
